{"stats":{"minecraft:used":{"minecraft:potion":1},"minecraft:custom":{"minecraft:jump":275,"minecraft:time_since_rest":55305,"minecraft:leave_game":2,"minecraft:crouch_one_cm":477,"minecraft:play_time":55305,"waystones:waystone_activated":2,"minecraft:sprint_one_cm":76310,"minecraft:time_since_death":55305,"minecraft:walk_one_cm":51732,"minecraft:sneak_time":298,"minecraft:total_world_time":55305,"minecraft:fall_one_cm":5086,"minecraft:fly_one_cm":74220},"minecraft:picked_up":{"minecraft:tripwire_hook":2}},"DataVersion":3465}