{"stats":{"minecraft:used":{"tombstone:gift":2,"minecraft:potion":1},"minecraft:custom":{"minecraft:jump":394,"minecraft:open_chest":7,"minecraft:time_since_rest":3641,"minecraft:walk_on_water_one_cm":2120,"minecraft:deaths":1,"minecraft:leave_game":4,"minecraft:crouch_one_cm":477,"minecraft:play_time":86410,"waystones:waystone_activated":2,"minecraft:sprint_one_cm":92520,"minecraft:damage_taken":1000,"minecraft:time_since_death":3549,"minecraft:walk_one_cm":71061,"minecraft:climb_one_cm":908,"minecraft:sneak_time":360,"minecraft:total_world_time":86410,"minecraft:walk_under_water_one_cm":2984,"minecraft:swim_one_cm":20756,"minecraft:fall_one_cm":9410,"minecraft:fly_one_cm":87535},"minecraft:picked_up":{"minecraft:tripwire_hook":4}},"DataVersion":3465}