{"stats":{"minecraft:used":{"minecraft:potion":1},"minecraft:custom":{"minecraft:jump":307,"minecraft:open_chest":7,"minecraft:time_since_rest":80025,"minecraft:leave_game":3,"minecraft:crouch_one_cm":477,"minecraft:play_time":80025,"waystones:waystone_activated":2,"minecraft:sprint_one_cm":84316,"minecraft:time_since_death":80025,"minecraft:walk_one_cm":60622,"minecraft:sneak_time":326,"minecraft:total_world_time":80025,"minecraft:fall_one_cm":5713,"minecraft:fly_one_cm":83773},"minecraft:picked_up":{"minecraft:tripwire_hook":4}},"DataVersion":3465}