{"stats":{"minecraft:used":{"minecraft:potion":1},"minecraft:custom":{"minecraft:jump":225,"minecraft:time_since_rest":43305,"minecraft:leave_game":2,"minecraft:crouch_one_cm":477,"minecraft:play_time":43305,"waystones:waystone_activated":2,"minecraft:sprint_one_cm":68831,"minecraft:time_since_death":43305,"minecraft:walk_one_cm":45745,"minecraft:sneak_time":298,"minecraft:total_world_time":43305,"minecraft:fall_one_cm":3983,"minecraft:fly_one_cm":62785},"minecraft:picked_up":{"minecraft:tripwire_hook":2}},"DataVersion":3465}