{"stats":{"minecraft:used":{"minecraft:potion":1},"minecraft:picked_up":{"minecraft:tripwire_hook":1},"minecraft:custom":{"minecraft:jump":81,"minecraft:time_since_rest":15835,"minecraft:leave_game":1,"minecraft:crouch_one_cm":338,"minecraft:sprint_one_cm":36744,"waystones:waystone_activated":2,"minecraft:play_time":15835,"minecraft:time_since_death":15835,"minecraft:walk_one_cm":18645,"minecraft:sneak_time":253,"minecraft:total_world_time":15835,"minecraft:fall_one_cm":418,"minecraft:fly_one_cm":30542}},"DataVersion":3465}