{"stats":{"minecraft:used":{"minecraft:potion":1},"minecraft:picked_up":{"minecraft:tripwire_hook":2},"minecraft:custom":{"minecraft:jump":136,"minecraft:time_since_rest":31530,"minecraft:leave_game":2,"minecraft:crouch_one_cm":477,"minecraft:play_time":31530,"waystones:waystone_activated":2,"minecraft:sprint_one_cm":49362,"minecraft:time_since_death":31530,"minecraft:walk_one_cm":39900,"minecraft:sneak_time":298,"minecraft:total_world_time":31530,"minecraft:fall_one_cm":1329,"minecraft:fly_one_cm":41653}},"DataVersion":3465}