{"stats":{"minecraft:used":{"minecraft:potion":1},"minecraft:custom":{"minecraft:jump":297,"minecraft:time_since_rest":67305,"minecraft:leave_game":2,"minecraft:crouch_one_cm":477,"minecraft:play_time":67305,"waystones:waystone_activated":2,"minecraft:sprint_one_cm":81750,"minecraft:time_since_death":67305,"minecraft:walk_one_cm":58259,"minecraft:sneak_time":326,"minecraft:total_world_time":67305,"minecraft:fall_one_cm":5713,"minecraft:fly_one_cm":81935},"minecraft:picked_up":{"minecraft:tripwire_hook":4}},"DataVersion":3465}