{"stats":{"minecraft:used":{"cataclysm:azure_seastone_mural_empty":1,"minecraft:chest":2,"minecraft:white_shulker_box":1,"minecraft:smooth_stone":3},"minecraft:custom":{"minecraft:time_since_rest":228148,"minecraft:open_chest":28,"minecraft:open_shulker_box":2,"minecraft:crouch_one_cm":3356,"minecraft:sprint_one_cm":55605,"waystones:waystone_activated":2,"minecraft:play_time":228148,"minecraft:walk_one_cm":57729,"minecraft:sneak_time":1637,"minecraft:drop":18,"minecraft:jump":704,"minecraft:leave_game":2,"minecraft:time_since_death":228148,"minecraft:total_world_time":228148,"minecraft:fall_one_cm":3301,"minecraft:fly_one_cm":220930},"minecraft:dropped":{"library_of_exile:legendary_enchant_tool":1,"tconstruct:creative_slot":2,"minecraft:white_shulker_box":1,"minecraft:tripwire_hook":13,"paraglider:spirit_orb":1},"minecraft:picked_up":{"irons_spellbooks:arcane_anvil":1,"minecraft:apple":8,"tconstruct:scorched_anvil":1,"tconstruct:tinkers_anvil":1,"tconstruct:creative_slot":5,"library_of_exile:legendary_enchant_tool":1,"paraglider:spirit_orb":1,"minecraft:white_shulker_box":1,"create_coins:copper_coin":12,"minecraft:coal":48}},"DataVersion":3465}