{"stats":{"minecraft:used":{"minecraft:smooth_stone":2},"minecraft:custom":{"minecraft:jump":627,"minecraft:open_chest":5,"minecraft:time_since_rest":102148,"minecraft:leave_game":2,"minecraft:crouch_one_cm":2787,"minecraft:play_time":102148,"waystones:waystone_activated":2,"minecraft:sprint_one_cm":51352,"minecraft:time_since_death":102148,"minecraft:walk_one_cm":46441,"minecraft:sneak_time":1224,"minecraft:total_world_time":102148,"minecraft:fall_one_cm":3301,"minecraft:drop":13,"minecraft:fly_one_cm":204553},"minecraft:dropped":{"minecraft:tripwire_hook":13},"minecraft:picked_up":{"create_coins:copper_coin":4,"minecraft:coal":16}},"DataVersion":3465}