{"stats":{"minecraft:used":{"cataclysm:azure_seastone_mural_empty":1,"minecraft:chest":2,"minecraft:smooth_stone":3},"minecraft:custom":{"minecraft:time_since_rest":180148,"minecraft:open_chest":15,"minecraft:crouch_one_cm":2979,"minecraft:sprint_one_cm":54802,"waystones:waystone_activated":2,"minecraft:play_time":180148,"minecraft:walk_one_cm":53988,"minecraft:sneak_time":1313,"minecraft:drop":15,"minecraft:jump":670,"minecraft:leave_game":2,"minecraft:time_since_death":180148,"minecraft:total_world_time":180148,"minecraft:fall_one_cm":3301,"minecraft:fly_one_cm":218418},"minecraft:dropped":{"tconstruct:creative_slot":1,"minecraft:tripwire_hook":13,"paraglider:spirit_orb":1},"minecraft:picked_up":{"minecraft:apple":8,"tconstruct:creative_slot":2,"paraglider:spirit_orb":1,"create_coins:copper_coin":12,"minecraft:coal":48}},"DataVersion":3465}