{"stats":{"minecraft:custom":{"minecraft:open_chest":28,"minecraft:time_since_rest":267345,"minecraft:open_shulker_box":2,"minecraft:crouch_one_cm":4392,"minecraft:play_time":267345,"waystones:waystone_activated":2,"minecraft:sprint_one_cm":59049,"minecraft:walk_one_cm":76052,"minecraft:sneak_time":2344,"minecraft:drop":18,"minecraft:jump":742,"minecraft:leave_game":3,"minecraft:time_since_death":267345,"minecraft:total_world_time":267345,"minecraft:fall_one_cm":3779,"minecraft:fly_one_cm":278830},"minecraft:picked_up":{"ftbquests:screen_3":1,"ftbquests:screen_7":1,"irons_spellbooks:arcane_anvil":1,"ftbquests:task_screen_configurator":1,"minecraft:tripwire_hook":58,"minecraft:apple":8,"patchouli:guide_book":1,"ftbquests:screen_5":2,"tconstruct:materials_and_you":1,"tconstruct:tinkers_anvil":1,"tconstruct:creative_slot":5,"tconstruct:scorched_anvil":1,"ftbquests:screen_1":1,"library_of_exile:legendary_enchant_tool":1,"paraglider:spirit_orb":1,"minecraft:white_shulker_box":2,"minecraft:coal":48,"create_coins:copper_coin":12,"ftbquests:detector":1},"minecraft:dropped":{"library_of_exile:legendary_enchant_tool":1,"tconstruct:creative_slot":2,"minecraft:white_shulker_box":1,"minecraft:tripwire_hook":13,"paraglider:spirit_orb":1},"minecraft:used":{"cataclysm:azure_seastone_mural_empty":1,"ftbquests:task_screen_configurator":1,"ftbquests:screen_1":3,"ftbquests:screen_5":1,"minecraft:chest":2,"ftbquests:detector":9,"minecraft:white_shulker_box":1,"minecraft:smooth_stone":3}},"DataVersion":3465}