{"stats":{"minecraft:used":{"cataclysm:azure_seastone_mural_empty":1,"minecraft:chest":2,"minecraft:smooth_stone":3},"minecraft:custom":{"minecraft:time_since_rest":192148,"minecraft:open_chest":20,"minecraft:crouch_one_cm":3213,"minecraft:sprint_one_cm":54887,"waystones:waystone_activated":2,"minecraft:play_time":192148,"minecraft:walk_one_cm":55370,"minecraft:sneak_time":1597,"minecraft:drop":16,"minecraft:jump":685,"minecraft:leave_game":2,"minecraft:time_since_death":192148,"minecraft:total_world_time":192148,"minecraft:fall_one_cm":3301,"minecraft:fly_one_cm":218631},"minecraft:dropped":{"library_of_exile:legendary_enchant_tool":1,"tconstruct:creative_slot":1,"minecraft:tripwire_hook":13,"paraglider:spirit_orb":1},"minecraft:picked_up":{"irons_spellbooks:arcane_anvil":1,"minecraft:apple":8,"tconstruct:scorched_anvil":1,"tconstruct:tinkers_anvil":1,"tconstruct:creative_slot":2,"library_of_exile:legendary_enchant_tool":1,"paraglider:spirit_orb":1,"create_coins:copper_coin":12,"minecraft:coal":48}},"DataVersion":3465}