{"stats":{"minecraft:used":{"minecraft:chest":2,"cataclysm:azure_seastone_mural_empty":1,"minecraft:smooth_stone":3},"minecraft:custom":{"minecraft:jump":667,"minecraft:open_chest":13,"minecraft:time_since_rest":162148,"minecraft:leave_game":2,"minecraft:crouch_one_cm":2979,"minecraft:play_time":162148,"waystones:waystone_activated":2,"minecraft:sprint_one_cm":54526,"minecraft:time_since_death":162148,"minecraft:walk_one_cm":52970,"minecraft:sneak_time":1313,"minecraft:total_world_time":162148,"minecraft:fall_one_cm":3301,"minecraft:drop":14,"minecraft:fly_one_cm":217913},"minecraft:dropped":{"minecraft:tripwire_hook":13,"paraglider:spirit_orb":1},"minecraft:picked_up":{"paraglider:spirit_orb":1,"minecraft:apple":8,"create_coins:copper_coin":12,"minecraft:coal":48}},"DataVersion":3465}