{"stats":{"minecraft:used":{"minecraft:smooth_stone":3},"minecraft:custom":{"minecraft:jump":637,"minecraft:open_chest":5,"minecraft:time_since_rest":114148,"minecraft:leave_game":2,"minecraft:crouch_one_cm":2787,"minecraft:play_time":114148,"waystones:waystone_activated":2,"minecraft:sprint_one_cm":52052,"minecraft:time_since_death":114148,"minecraft:walk_one_cm":47646,"minecraft:sneak_time":1250,"minecraft:total_world_time":114148,"minecraft:fall_one_cm":3301,"minecraft:drop":13,"minecraft:fly_one_cm":210651},"minecraft:dropped":{"minecraft:tripwire_hook":13},"minecraft:picked_up":{"minecraft:apple":8,"create_coins:copper_coin":12,"minecraft:coal":48}},"DataVersion":3465}