{"stats":{"minecraft:used":{"minecraft:smooth_stone":2},"minecraft:custom":{"minecraft:jump":404,"minecraft:open_chest":3,"minecraft:time_since_rest":66148,"minecraft:leave_game":2,"minecraft:crouch_one_cm":2072,"minecraft:play_time":66148,"waystones:waystone_activated":2,"minecraft:sprint_one_cm":31705,"minecraft:time_since_death":66148,"minecraft:walk_one_cm":31511,"minecraft:sneak_time":927,"minecraft:total_world_time":66148,"minecraft:fall_one_cm":1428,"minecraft:drop":10,"minecraft:fly_one_cm":144222},"minecraft:dropped":{"minecraft:tripwire_hook":10}},"DataVersion":3465}