{"stats":{"minecraft:used":{"minecraft:chest":2,"minecraft:smooth_stone":3},"minecraft:custom":{"minecraft:jump":659,"minecraft:open_chest":5,"minecraft:time_since_rest":138148,"minecraft:leave_game":2,"minecraft:crouch_one_cm":2901,"minecraft:play_time":138148,"waystones:waystone_activated":2,"minecraft:sprint_one_cm":54154,"minecraft:time_since_death":138148,"minecraft:walk_one_cm":50827,"minecraft:sneak_time":1280,"minecraft:total_world_time":138148,"minecraft:fall_one_cm":3301,"minecraft:drop":13,"minecraft:fly_one_cm":216929},"minecraft:dropped":{"minecraft:tripwire_hook":13},"minecraft:picked_up":{"minecraft:apple":8,"create_coins:copper_coin":12,"minecraft:coal":48}},"DataVersion":3465}