{"stats":{"minecraft:custom":{"minecraft:time_since_rest":279360,"minecraft:sprint_one_cm":82652,"minecraft:walk_one_cm":86123,"minecraft:drop":18,"minecraft:fly_one_cm":410641,"minecraft:open_chest":34,"minecraft:crouch_one_cm":4656,"waystones:waystone_activated":2,"minecraft:play_time":279360,"minecraft:open_shulker_box":2,"minecraft:sneak_time":2526,"minecraft:jump":957,"minecraft:leave_game":4,"minecraft:time_since_death":279360,"minecraft:total_world_time":279360,"minecraft:climb_one_cm":1259,"minecraft:fall_one_cm":3779},"minecraft:picked_up":{"ftbquests:screen_7":1,"irons_spellbooks:arcane_anvil":1,"ftbquests:task_screen_configurator":1,"minecraft:tripwire_hook":58,"patchouli:guide_book":1,"tconstruct:materials_and_you":1,"tconstruct:scorched_anvil":1,"tconstruct:creative_slot":5,"tconstruct:tinkers_anvil":1,"library_of_exile:legendary_enchant_tool":1,"paraglider:spirit_orb":1,"ftbquests:detector":1,"ftbquests:screen_3":1,"minecraft:apple":8,"ftbquests:screen_5":2,"ftbquests:screen_1":1,"minecraft:white_shulker_box":2,"create_coins:copper_coin":12,"minecraft:coal":48},"minecraft:dropped":{"library_of_exile:legendary_enchant_tool":1,"tconstruct:creative_slot":2,"minecraft:white_shulker_box":1,"minecraft:tripwire_hook":13,"paraglider:spirit_orb":1},"minecraft:used":{"minecraft:chest":3,"minecraft:white_shulker_box":1,"ftbquests:detector":9,"cataclysm:azure_seastone_mural_empty":1,"ftbquests:task_screen_configurator":1,"minecraft:glass_pane":2,"ftbquests:screen_1":3,"ftbquests:screen_5":1,"minecraft:smooth_stone":3}},"DataVersion":3465}