{"stats":{"minecraft:used":{"minecraft:smooth_stone":2},"minecraft:custom":{"minecraft:jump":562,"minecraft:open_chest":5,"minecraft:time_since_rest":90148,"minecraft:leave_game":2,"minecraft:crouch_one_cm":2089,"minecraft:play_time":90148,"waystones:waystone_activated":2,"minecraft:sprint_one_cm":46041,"minecraft:time_since_death":90148,"minecraft:walk_one_cm":38347,"minecraft:sneak_time":940,"minecraft:total_world_time":90148,"minecraft:fall_one_cm":1428,"minecraft:drop":10,"minecraft:fly_one_cm":183812},"minecraft:dropped":{"minecraft:tripwire_hook":10},"minecraft:picked_up":{"create_coins:copper_coin":4,"minecraft:coal":16}},"DataVersion":3465}