{"stats":{"minecraft:used":{"minecraft:smooth_stone":2},"minecraft:custom":{"minecraft:jump":416,"minecraft:open_chest":3,"minecraft:time_since_rest":78148,"minecraft:leave_game":2,"minecraft:crouch_one_cm":2072,"minecraft:play_time":78148,"waystones:waystone_activated":2,"minecraft:sprint_one_cm":32037,"minecraft:time_since_death":78148,"minecraft:walk_one_cm":32752,"minecraft:sneak_time":927,"minecraft:total_world_time":78148,"minecraft:fall_one_cm":1428,"minecraft:drop":10,"minecraft:fly_one_cm":145215},"minecraft:dropped":{"minecraft:tripwire_hook":10}},"DataVersion":3465}