{"stats":{"minecraft:dropped":{"minecraft:tripwire_hook":1},"minecraft:custom":{"minecraft:jump":249,"minecraft:open_chest":3,"minecraft:time_since_rest":36943,"minecraft:leave_game":1,"minecraft:crouch_one_cm":1138,"minecraft:play_time":36943,"waystones:waystone_activated":2,"minecraft:sprint_one_cm":21255,"minecraft:time_since_death":36943,"minecraft:walk_one_cm":21453,"minecraft:sneak_time":551,"minecraft:total_world_time":36943,"minecraft:drop":1,"minecraft:fall_one_cm":1428,"minecraft:fly_one_cm":112083}},"DataVersion":3465}