{"stats":{"minecraft:dropped":{"minecraft:tripwire_hook":4},"minecraft:used":{"minecraft:smooth_stone":2},"minecraft:custom":{"minecraft:jump":334,"minecraft:open_chest":3,"minecraft:time_since_rest":54943,"minecraft:leave_game":1,"minecraft:crouch_one_cm":1663,"minecraft:play_time":54943,"waystones:waystone_activated":2,"minecraft:sprint_one_cm":27392,"minecraft:time_since_death":54943,"minecraft:walk_one_cm":29265,"minecraft:sneak_time":766,"minecraft:total_world_time":54943,"minecraft:drop":4,"minecraft:fall_one_cm":1428,"minecraft:fly_one_cm":130031}},"DataVersion":3465}