{"stats":{"minecraft:used":{"cataclysm:azure_seastone_mural_empty":1,"minecraft:chest":2,"minecraft:white_shulker_box":1,"minecraft:smooth_stone":3},"minecraft:custom":{"minecraft:time_since_rest":240148,"minecraft:open_chest":28,"minecraft:open_shulker_box":2,"minecraft:crouch_one_cm":3577,"minecraft:sprint_one_cm":57384,"waystones:waystone_activated":2,"minecraft:play_time":240148,"minecraft:walk_one_cm":61924,"minecraft:sneak_time":1861,"minecraft:drop":18,"minecraft:jump":719,"minecraft:leave_game":2,"minecraft:time_since_death":240148,"minecraft:total_world_time":240148,"minecraft:fall_one_cm":3301,"minecraft:fly_one_cm":245339},"minecraft:dropped":{"library_of_exile:legendary_enchant_tool":1,"tconstruct:creative_slot":2,"minecraft:white_shulker_box":1,"minecraft:tripwire_hook":13,"paraglider:spirit_orb":1},"minecraft:picked_up":{"irons_spellbooks:arcane_anvil":1,"minecraft:tripwire_hook":58,"minecraft:apple":8,"patchouli:guide_book":1,"tconstruct:materials_and_you":1,"tconstruct:scorched_anvil":1,"tconstruct:tinkers_anvil":1,"tconstruct:creative_slot":5,"library_of_exile:legendary_enchant_tool":1,"paraglider:spirit_orb":1,"minecraft:white_shulker_box":2,"create_coins:copper_coin":12,"minecraft:coal":48}},"DataVersion":3465}