{"stats":{"minecraft:used":{"minecraft:netherite_sword":4,"tinkersdelight:skyslime_sweets":2,"cuisinedelight:plate":1,"cataclysm:endermaptera_spawn_egg":2,"twilightforest:ice_bow":24,"minecraft:chest":12,"farmersdelight:half_tatami_mat":3,"the_harvest:harvest":3,"farmersdelight:stove":2,"minecraft:netherrack":11,"cataclysm:urchinkin_spawn_egg":1,"minecraft:torch":1,"minecraft:dirt":2,"cataclysm:ancient_remnant_spawn_egg":1,"minecraft:mutton":1,"endrem:cursed_eye":6,"minecraft:oak_wood":6,"ironchest:iron_chest":1,"advancednetherite:netherite_diamond_leggings":1,"minecraft:obsidian":83,"minecraft:glass":26,"paraglider:horned_statue":1,"better_weaponry:netherite_chakram":90,"better_weaponry:netherite_cutlass":202,"minecraft:grass_block":41,"mowzies_cataclysm:frostmaw_eye":6,"tconstruct:tinker_station":2,"mowziesmobs:geomancer_belt":1,"minecraft:pink_wool":51,"minecraft:smooth_basalt":1,"magistuarmory:netherite_katzbalger":37,"cataclysm:symbiocto_spawn_egg":1,"cuisinedelight:cuisine_skillet":4,"tconstruct:tinkers_anvil":1,"minecraft:golden_carrot":11,"tconstruct:cast_chest":2,"magistuarmory:rusted_bastardsword":18,"cataclysm:deepling_brute_spawn_egg":2,"cataclysm:ancient_spear":9,"irons_spellbooks:pumpkin_helmet":1,"tconstruct:scorched_anvil":1,"minecraft:trapped_chest":2,"cuisinedelight:meat_platter":1,"tconstruct:part_builder":1,"cataclysm:black_steel_axe":13,"some_assembly_required:burger_bun":2,"minecraft:golden_axe":10,"minecraft:wheat_seeds":1,"better_weaponry:netherite_shield":27,"tconstruct:modifier_worktable":1,"cataclysm:ignis_spawn_egg":1,"minecraft:damaged_anvil":3,"minecraft:diamond_boots":1,"minecraft:ender_pearl":3,"minecraft:fox_spawn_egg":1,"cataclysm:netherite_ministrosity_spawn_egg":1,"minecraft:sheep_spawn_egg":11,"mowziesmobs:gong":1,"minecraft:golden_apple":21,"cataclysm:scylla_spawn_egg":1,"better_weaponry:iron_hammer":7,"minecraft:crafting_table":5,"better_weaponry:netherite_hammer":4,"locks:diamond_lock_pick":11,"minecraft:creeper_spawn_egg":9,"biomesoplenty:tall_white_lavender":3,"cataclysm:ender_guardian_spawn_egg":1,"minecraft:wooden_hoe":1,"better_weaponry:netherite_scythe":220,"minecraft:birch_slab":11,"cataclysm:ignited_berserker_spawn_egg":1,"mowzies_cataclysm:sun_eye":4,"minecraft:deepslate":11,"mowzies_cataclysm:wrought_eye":1,"minecraft:gravel":27,"cataclysm:coralssus_spawn_egg":2,"tconstruct:tinkers_chest":1,"supplementaries:checker_block":49},"minecraft:killed_by":{"minecraft:spider":1,"cataclysm:ender_guardian":1,"minecraft:slime":1,"mowziesmobs:ferrous_wroughtnaut":2,"cataclysm:scylla":1,"mythicmounts:dragon":1},"minecraft:mined":{"minecraft:grass_block":4,"minecraft:fire":2,"biomesoplenty:tall_white_lavender":9,"biomesoplenty:sprout":1,"minecraft:grass":4,"minecraft:dirt":2,"biomesoplenty:white_lavender":1},"minecraft:killed":{"mowziesmobs:bluff":1,"mowziesmobs:umvuthi":3,"mythicmounts:dragon":4,"minecraft:spider":6,"mowziesmobs:sculptor":3,"minecraft:slime":159,"minecraft:skeleton":6,"mowziesmobs:ferrous_wroughtnaut":1,"cataclysm:netherite_ministrosity":1,"cataclysm:endermaptera":2,"mowziesmobs:umvuthana":1,"cataclysm:symbiocto":1,"minecraft:creeper":4,"cataclysm:scylla":1,"minecraft:sheep":10,"cataclysm:ancient_remnant":1,"cataclysm:deepling_brute":1,"minecraft:zombie":7,"cataclysm:ignited_berserker":1,"cataclysm:coralssus":1,"minecraft:wither_skeleton":4,"minecraft:enderman":1},"minecraft:custom":{"minecraft:mob_kills":239,"minecraft:interact_with_anvil":2,"minecraft:interact_with_crafting_table":12,"minecraft:open_barrel":4,"minecraft:damage_dealt_resisted":1526,"minecraft:leave_game":16,"minecraft:time_since_death":30142,"minecraft:climb_one_cm":1168,"minecraft:damage_resisted":21,"minecraft:sprint_one_cm":387413,"minecraft:walk_one_cm":994277,"minecraft:damage_blocked_by_shield":1916,"minecraft:drop":138,"minecraft:damage_dealt_absorbed":87,"minecraft:play_time":495033,"minecraft:deaths":33,"minecraft:sneak_time":15287,"minecraft:walk_under_water_one_cm":6396,"minecraft:jump":2415,"minecraft:walk_on_water_one_cm":1759,"minecraft:total_world_time":495033,"minecraft:interact_with_stonecutter":1,"minecraft:time_since_rest":30145,"minecraft:damage_taken":11560,"minecraft:damage_absorbed":770,"minecraft:damage_dealt":36574,"twilightforest:life_charms_activated":1,"minecraft:fly_one_cm":1313960,"minecraft:player_kills":2,"minecraft:open_chest":12,"minecraft:crouch_one_cm":49900,"minecraft:fall_one_cm":18436,"minecraft:horse_one_cm":9060},"minecraft:picked_up":{"minecraft:pink_wool":2,"minecraft:oak_stairs":1,"minecraft:string":5,"mowziesmobs:sculptor_staff":1,"biomesoplenty:white_lavender":1,"irons_spellbooks:arcane_essence":3,"minecraft:netherite_upgrade_smithing_template":1,"biomesoplenty:wildflower":31,"minecraft:chest":2,"mowziesmobs:geomancer_belt":1,"mowziesmobs:sol_visage":2,"biomesoplenty:tall_white_lavender":8,"locks:gold_lock":2,"cataclysm:coral_chunk":1,"minecraft:diamond_chestplate":1,"minecraft:rotten_flesh":12,"minecraft:arrow":8,"cataclysm:dying_ember":1,"create_coins:wooden_coin_hammer":17,"magistuarmory:torse_and_mantle_decoration":1,"minecraft:diamond_boots":2,"minecraft:obsidian":1,"minecraft:mutton":10,"minecraft:white_wool":5,"endrem:cursed_eye":1,"minecraft:feather":6,"paraglider:spirit_orb":1,"cataclysm:void_jaw":3,"minecraft:oak_log":9,"minecraft:gunpowder":5,"mca:book_romance":1,"mowziesmobs:wrought_axe":1,"minecraft:dirt":130,"minecraft:bone":3,"minecraft:wheat_seeds":3,"locks:diamond_lock_pick":60,"minecraft:iron_ingot":9,"cataclysm:essence_of_the_storm":3,"tconstruct:necrotic_bone":6,"biomesoplenty:pus_bubble":1,"cataclysm:scylla_spawn_egg":1,"mowziesmobs:wrought_helmet":1,"minecraft:ink_sac":3,"minecraft:spectral_arrow":15,"minecraft:spider_eye":2,"cataclysm:netherite_effigy":1,"minecraft:slime_ball":59,"artifacts:golden_hook":1,"minecraft:oak_sapling":4,"minecraft:black_wool":1,"cataclysm:lacrima":1,"minecraft:ender_pearl":1},"minecraft:dropped":{"minecraft:oak_log":8,"cataclysm:essence_of_the_storm":3,"mowziesmobs:sculptor_staff":1,"minecraft:netherite_upgrade_smithing_template":1,"minecraft:golden_axe":1,"the_harvest:harvest_map":1,"locks:gold_lock":1,"locks:diamond_lock_pick":60,"biomesoplenty:pus_bubble":1,"minecraft:grass_block":1,"minecraft:dirt":18,"mca:book_romance":2,"create_coins:wooden_coin_hammer":17,"gravestone:obituary":1,"minecraft:oak_stairs":1,"minecraft:string":1,"cataclysm:scylla_spawn_egg":1,"minecraft:deepslate":1,"minecraft:obsidian":1,"cataclysm:dying_ember":1,"minecraft:rotten_flesh":1,"relics:space_dissector":1,"artifacts:golden_hook":1,"magistuarmory:torse_and_mantle_decoration":1,"biomesoplenty:wildflower":26,"minecraft:chest":3,"minecraft:diamond_boots":1,"minecraft:slime_ball":2,"minecraft:arrow":2},"minecraft:crafted":{"minecraft:oak_planks":32,"create_coins:wooden_coin_hammer":6,"farmersdelight:stove":2,"minecraft:oak_slab":6,"minecraft:stick":64}},"DataVersion":3465}