{"stats":{"minecraft:mined":{"biomesoplenty:desert_grass":1,"minecraft:jungle_stairs":1,"biomesoplenty:dune_grass":7},"minecraft:used":{"minecraft:jungle_stairs":1,"minecraft:spruce_planks":3,"minecraft:stone_axe":1,"minecraft:bedrock":1,"minecraft:andesite":1,"tombstone:gift":5},"minecraft:custom":{"minecraft:time_since_rest":176,"minecraft:sprint_one_cm":128522,"minecraft:damage_taken":270,"minecraft:walk_one_cm":174731,"minecraft:drop":47,"minecraft:fly_one_cm":384045,"minecraft:open_chest":41,"minecraft:crouch_one_cm":5667,"waystones:waystone_activated":2,"minecraft:play_time":248857,"minecraft:deaths":6,"minecraft:sneak_time":2387,"minecraft:jump":816,"minecraft:leave_game":7,"minecraft:time_since_death":174,"minecraft:total_world_time":248857,"minecraft:fall_one_cm":6154},"minecraft:dropped":{"tconstruct:tinkers_anvil":1,"tconstruct:scorched_anvil":2,"library_of_exile:legendary_enchant_tool":2,"tconstruct:creative_slot":7,"minecraft:stone_sword":1,"endrem:witch_pupil":1,"minecraft:chest":4,"minecraft:stone_shovel":1,"tombstone:grave_dust":2,"minecraft:barrier":1,"minecraft:sculk_sensor":1,"minecraft:oak_stairs":1,"cataclysm:koboleton_spawn_egg":1,"minecraft:stone_pickaxe":1,"minecraft:white_shulker_box":1,"minecraft:tripwire_hook":186,"paraglider:spirit_orb":569,"irons_spellbooks:arcane_anvil":1},"minecraft:picked_up":{"minecraft:barrier":1,"minecraft:tripwire_hook":2,"tconstruct:scorched_anvil":1,"tconstruct:creative_slot":3,"library_of_exile:legendary_enchant_tool":1,"minecraft:jungle_stairs":1,"minecraft:white_shulker_box":1,"minecraft:chest":3}},"DataVersion":3465}