{"stats":{"minecraft:dropped":{"cataclysm:koboleton_spawn_egg":1},"minecraft:mined":{"minecraft:jungle_stairs":1,"biomesoplenty:desert_grass":1,"biomesoplenty:dune_grass":7},"minecraft:used":{"minecraft:stone_axe":1,"minecraft:jungle_stairs":1},"minecraft:picked_up":{"minecraft:jungle_stairs":1},"minecraft:custom":{"minecraft:jump":425,"minecraft:time_since_rest":15927,"minecraft:damage_taken":270,"minecraft:leave_game":5,"minecraft:play_time":43639,"minecraft:crouch_one_cm":1497,"waystones:waystone_activated":2,"minecraft:sprint_one_cm":84917,"minecraft:time_since_death":15902,"minecraft:walk_one_cm":49261,"minecraft:sneak_time":791,"minecraft:total_world_time":43639,"minecraft:fall_one_cm":6154,"minecraft:drop":1,"minecraft:fly_one_cm":256291,"minecraft:deaths":1}},"DataVersion":3465}