{"stats":{"minecraft:killed_by":{"mowziesmobs:ferrous_wroughtnaut":2,"mowziesmobs:frostmaw":1},"minecraft:dropped":{"minecraft:gravel":11,"locks:steel_lock_pick":65,"minecraft:saddle":1},"minecraft:crafted":{"locks:key":1},"minecraft:custom":{"minecraft:time_since_rest":11343,"minecraft:sprint_one_cm":116708,"minecraft:damage_taken":2004,"minecraft:walk_one_cm":146780,"minecraft:mob_kills":7,"minecraft:drop":77,"minecraft:damage_dealt":9855,"minecraft:play_record":11,"minecraft:swim_one_cm":22205,"minecraft:interact_with_crafting_table":3,"minecraft:fly_one_cm":675748,"minecraft:open_barrel":1,"minecraft:open_chest":7,"minecraft:crouch_one_cm":14017,"minecraft:play_time":77473,"minecraft:deaths":4,"minecraft:sneak_time":4235,"minecraft:walk_under_water_one_cm":4129,"minecraft:jump":1072,"minecraft:leave_game":1,"minecraft:walk_on_water_one_cm":8283,"minecraft:time_since_death":11305,"minecraft:climb_one_cm":1825,"minecraft:total_world_time":77473,"minecraft:fall_one_cm":1318},"minecraft:mined":{"minecraft:powder_snow":7,"gravestone:gravestone":2},"minecraft:picked_up":{"minecraft:music_disc_5":1,"minecraft:feather":2,"supplementaries:music_disc_heave_ho":1,"minecraft:sweet_berries":8,"minecraft:music_disc_relic":1,"minecraft:gravel":11,"mowziesmobs:wrought_helmet":1,"gravestone:obituary":1,"cataclysm:music_disc_ancient_remnant":1,"mowziesmobs:wrought_axe":1,"biomesoplenty:music_disc_wanderer":1,"cataclysm:music_disc_maledictus":1,"locks:steel_lock_pick":1,"cataclysm:music_disc_ender_guardian":1,"cataclysm:music_disc_the_cataclysmfarer":1,"cataclysm:music_disc_the_leviathan":1,"minecraft:saddle":1,"mowziesmobs:music_disc_petiole":1,"mowziesmobs:umvuthana_mask_fear":1,"minecraft:cobblestone":1},"minecraft:killed":{"mowziesmobs:ferrous_wroughtnaut":1,"cataclysm:ignis":1,"mowziesmobs:umvuthana_crane":1,"mowziesmobs:umvuthana_follower_raptor":2,"cataclysm:the_harbinger":1},"minecraft:used":{"minecraft:music_disc_relic":1,"cataclysm:ignis_spawn_egg":2,"minecraft:water_bucket":6,"better_weaponry:netherite_scythe":416,"cataclysm:ignited_revenant_spawn_egg":1,"cataclysm:the_baby_leviathan_bucket":1,"cataclysm:music_disc_maledictus":1,"farmersdelight:noodle_soup":8,"cataclysm:coral_bardiche":11,"locks:steel_lock_pick":7,"minecraft:music_disc_5":1,"cataclysm:music_disc_the_cataclysmfarer":2,"mowzies_cataclysm:wrought_eye":1,"locks:key_ring":6,"locks:diamond_lock":1,"minecraft:fishing_rod":15,"biomesoplenty:music_disc_wanderer":1,"minecraft:cobblestone":31,"cataclysm:the_harbinger_spawn_egg":2,"mowziesmobs:lantern_spawn_egg":6,"mowziesmobs:music_disc_petiole":1,"minecraft:sweet_berries":4,"minecraft:crafting_table":1,"mowziesmobs:wroughtnaut_spawn_egg":1,"supplementaries:music_disc_heave_ho":1,"minecraft:bucket":8,"cataclysm:music_disc_ender_guardian":1,"cataclysm:music_disc_ancient_remnant":1,"cataclysm:music_disc_the_leviathan":1,"cataclysm:royal_draugr_spawn_egg":1,"minecraft:powder_snow_bucket":2,"minecraft:jukebox":1,"mowziesmobs:wrought_axe":1}},"DataVersion":3465}