{"stats":{"minecraft:dropped":{"cataclysm:koboleton_spawn_egg":1},"minecraft:mined":{"minecraft:jungle_stairs":1,"biomesoplenty:desert_grass":1,"biomesoplenty:dune_grass":7},"minecraft:used":{"minecraft:jungle_stairs":1,"minecraft:stone_axe":1},"minecraft:picked_up":{"minecraft:jungle_stairs":1},"minecraft:custom":{"minecraft:jump":426,"minecraft:time_since_rest":19077,"minecraft:damage_taken":270,"minecraft:leave_game":5,"minecraft:time_since_death":19052,"minecraft:play_time":46789,"minecraft:crouch_one_cm":1527,"waystones:waystone_activated":2,"minecraft:sprint_one_cm":84917,"minecraft:walk_one_cm":52026,"minecraft:deaths":1,"minecraft:sneak_time":814,"minecraft:total_world_time":46789,"minecraft:fall_one_cm":6154,"minecraft:drop":1,"minecraft:fly_one_cm":256993}},"DataVersion":3465}