{"stats":{"minecraft:used":{"minecraft:bedrock":1,"minecraft:stone_axe":1,"minecraft:andesite":1,"minecraft:jungle_stairs":1,"minecraft:spruce_planks":3},"minecraft:mined":{"minecraft:jungle_stairs":1,"biomesoplenty:desert_grass":1,"biomesoplenty:dune_grass":7},"minecraft:custom":{"minecraft:time_since_rest":83631,"minecraft:sprint_one_cm":102208,"minecraft:crouch_one_cm":4203,"waystones:waystone_activated":2,"minecraft:play_time":111343,"minecraft:damage_taken":270,"minecraft:deaths":1,"minecraft:walk_one_cm":105738,"minecraft:sneak_time":1695,"minecraft:drop":5,"minecraft:jump":581,"minecraft:leave_game":5,"minecraft:time_since_death":83606,"minecraft:total_world_time":111343,"minecraft:fall_one_cm":6154,"minecraft:fly_one_cm":295656,"minecraft:open_chest":1},"minecraft:dropped":{"minecraft:barrier":1,"cataclysm:koboleton_spawn_egg":1,"minecraft:chest":3},"minecraft:picked_up":{"minecraft:barrier":1,"minecraft:tripwire_hook":2,"minecraft:jungle_stairs":1,"minecraft:chest":3}},"DataVersion":3465}