{"stats":{"minecraft:picked_up":{"cataclysm:void_jaw":3,"minecraft:oak_log":8,"minecraft:gunpowder":3,"mca:book_romance":1,"mowziesmobs:wrought_axe":1,"minecraft:dirt":16,"minecraft:string":5,"minecraft:bone":3,"minecraft:wheat_seeds":3,"cataclysm:essence_of_the_storm":3,"tconstruct:necrotic_bone":2,"cataclysm:scylla_spawn_egg":1,"mowziesmobs:wrought_helmet":1,"minecraft:ink_sac":3,"minecraft:spider_eye":2,"cataclysm:coral_chunk":1,"cataclysm:netherite_effigy":1,"minecraft:slime_ball":46,"minecraft:arrow":5,"cataclysm:dying_ember":1,"minecraft:rotten_flesh":10,"magistuarmory:torse_and_mantle_decoration":1,"cataclysm:lacrima":1,"minecraft:ender_pearl":1},"minecraft:dropped":{"minecraft:oak_log":8,"cataclysm:essence_of_the_storm":3,"minecraft:deepslate":1,"cataclysm:dying_ember":1,"minecraft:grass_block":1,"magistuarmory:torse_and_mantle_decoration":1,"mca:book_romance":2,"gravestone:obituary":1,"minecraft:arrow":2,"minecraft:string":1,"cataclysm:scylla_spawn_egg":1},"minecraft:custom":{"minecraft:mob_kills":133,"minecraft:interact_with_anvil":2,"minecraft:open_barrel":4,"minecraft:interact_with_stonecutter":1,"minecraft:leave_game":9,"minecraft:time_since_death":10549,"minecraft:time_since_rest":10551,"minecraft:walk_one_cm":596821,"minecraft:sprint_one_cm":220702,"minecraft:damage_taken":7041,"minecraft:damage_absorbed":770,"minecraft:damage_blocked_by_shield":1916,"minecraft:drop":15,"minecraft:damage_dealt":22925,"minecraft:damage_dealt_absorbed":63,"minecraft:fly_one_cm":584874,"minecraft:open_chest":2,"minecraft:crouch_one_cm":17163,"minecraft:play_time":223480,"minecraft:deaths":13,"minecraft:sneak_time":4088,"minecraft:jump":872,"minecraft:walk_on_water_one_cm":823,"minecraft:total_world_time":223480,"minecraft:fall_one_cm":10951,"minecraft:horse_one_cm":4205},"minecraft:crafted":{"minecraft:oak_planks":32,"minecraft:stick":64},"minecraft:used":{"better_weaponry:netherite_shield":27,"tconstruct:modifier_worktable":1,"cataclysm:ignis_spawn_egg":1,"minecraft:damaged_anvil":3,"cataclysm:endermaptera_spawn_egg":2,"minecraft:ender_pearl":3,"the_harvest:harvest":3,"cataclysm:netherite_ministrosity_spawn_egg":1,"cataclysm:urchinkin_spawn_egg":1,"minecraft:torch":1,"minecraft:golden_apple":21,"cataclysm:scylla_spawn_egg":1,"cataclysm:ancient_remnant_spawn_egg":1,"advancednetherite:netherite_diamond_leggings":1,"locks:diamond_lock_pick":5,"better_weaponry:netherite_scythe":220,"cataclysm:ender_guardian_spawn_egg":1,"better_weaponry:netherite_chakram":90,"better_weaponry:netherite_cutlass":202,"minecraft:grass_block":23,"cataclysm:ignited_berserker_spawn_egg":1,"tconstruct:tinker_station":2,"cataclysm:coralssus_spawn_egg":2,"minecraft:deepslate":11,"tconstruct:tinkers_chest":1,"magistuarmory:netherite_katzbalger":37,"tconstruct:tinkers_anvil":1,"cataclysm:symbiocto_spawn_egg":1,"minecraft:golden_carrot":11,"tconstruct:cast_chest":2,"magistuarmory:rusted_bastardsword":18,"cataclysm:deepling_brute_spawn_egg":2,"tconstruct:scorched_anvil":1,"tconstruct:part_builder":1,"some_assembly_required:burger_bun":2},"minecraft:killed_by":{"cataclysm:scylla":1,"cataclysm:ender_guardian":1},"minecraft:mined":{"minecraft:fire":2},"minecraft:killed":{"mythicmounts:dragon":2,"minecraft:spider":6,"cataclysm:symbiocto":1,"minecraft:slime":98,"minecraft:creeper":4,"cataclysm:scylla":1,"minecraft:sheep":1,"minecraft:skeleton":4,"cataclysm:ancient_remnant":1,"cataclysm:deepling_brute":1,"mowziesmobs:ferrous_wroughtnaut":1,"minecraft:zombie":5,"cataclysm:netherite_ministrosity":1,"cataclysm:endermaptera":2,"cataclysm:coralssus":1,"minecraft:wither_skeleton":1,"minecraft:enderman":1}},"DataVersion":3465}