{"stats":{"minecraft:used":{"minecraft:jungle_stairs":1,"minecraft:spruce_planks":3,"minecraft:stone_axe":1,"minecraft:bedrock":1,"minecraft:andesite":1},"minecraft:mined":{"biomesoplenty:desert_grass":1,"minecraft:jungle_stairs":1,"biomesoplenty:dune_grass":7},"minecraft:custom":{"minecraft:time_since_rest":209631,"minecraft:sprint_one_cm":121680,"minecraft:damage_taken":270,"minecraft:walk_one_cm":157026,"minecraft:drop":43,"minecraft:fly_one_cm":375634,"minecraft:open_chest":41,"minecraft:crouch_one_cm":4633,"waystones:waystone_activated":2,"minecraft:play_time":237343,"minecraft:deaths":1,"minecraft:sneak_time":2014,"minecraft:jump":790,"minecraft:leave_game":5,"minecraft:time_since_death":209606,"minecraft:total_world_time":237343,"minecraft:fall_one_cm":6154},"minecraft:dropped":{"tconstruct:tinkers_anvil":1,"tconstruct:scorched_anvil":2,"library_of_exile:legendary_enchant_tool":2,"tconstruct:creative_slot":7,"minecraft:stone_sword":1,"endrem:witch_pupil":1,"minecraft:chest":4,"minecraft:stone_shovel":1,"minecraft:sculk_sensor":1,"minecraft:barrier":1,"minecraft:oak_stairs":1,"cataclysm:koboleton_spawn_egg":1,"minecraft:stone_pickaxe":1,"minecraft:tripwire_hook":128,"paraglider:spirit_orb":569,"irons_spellbooks:arcane_anvil":1},"minecraft:picked_up":{"minecraft:barrier":1,"minecraft:tripwire_hook":2,"tconstruct:creative_slot":3,"tconstruct:scorched_anvil":1,"library_of_exile:legendary_enchant_tool":1,"minecraft:jungle_stairs":1,"minecraft:white_shulker_box":1,"minecraft:chest":3}},"DataVersion":3465}