{"stats":{"minecraft:mined":{"biomesoplenty:desert_grass":1,"minecraft:jungle_stairs":1,"biomesoplenty:dune_grass":7},"minecraft:custom":{"minecraft:time_since_rest":27167,"minecraft:sprint_one_cm":163115,"minecraft:damage_taken":270,"minecraft:walk_one_cm":214750,"minecraft:drop":53,"minecraft:fly_one_cm":459209,"minecraft:open_chest":41,"minecraft:crouch_one_cm":8068,"waystones:waystone_activated":2,"minecraft:play_time":275848,"minecraft:deaths":6,"minecraft:sneak_time":3073,"minecraft:jump":1091,"minecraft:leave_game":8,"minecraft:time_since_death":27165,"minecraft:total_world_time":275848,"minecraft:fall_one_cm":10210},"minecraft:picked_up":{"minecraft:barrier":1,"minecraft:tripwire_hook":2,"tconstruct:creative_slot":3,"tconstruct:scorched_anvil":1,"library_of_exile:legendary_enchant_tool":1,"minecraft:jungle_stairs":1,"minecraft:white_shulker_box":1,"minecraft:chest":3},"minecraft:dropped":{"tconstruct:tinkers_anvil":1,"tconstruct:scorched_anvil":2,"library_of_exile:legendary_enchant_tool":2,"tconstruct:creative_slot":7,"minecraft:stone_sword":1,"endrem:witch_pupil":1,"ftbquests:screen_7":1,"ftbquests:screen_5":1,"ftbquests:screen_3":1,"ftbquests:screen_1":1,"minecraft:chest":4,"minecraft:stone_shovel":1,"minecraft:sculk_sensor":1,"tombstone:grave_dust":2,"minecraft:barrier":1,"minecraft:oak_stairs":1,"cataclysm:koboleton_spawn_egg":1,"minecraft:stone_pickaxe":1,"minecraft:white_shulker_box":1,"minecraft:tripwire_hook":186,"ftbquests:detector":1,"paraglider:spirit_orb":569,"ftbquests:task_screen_configurator":1,"irons_spellbooks:arcane_anvil":1},"minecraft:used":{"ftbquests:screen_3":1,"minecraft:jungle_stairs":1,"minecraft:spruce_planks":3,"minecraft:stone_axe":1,"minecraft:bedrock":1,"ftbquests:task_screen_configurator":1,"minecraft:andesite":1,"tombstone:gift":5}},"DataVersion":3465}