{"stats":{"minecraft:dropped":{"cataclysm:koboleton_spawn_egg":1},"minecraft:mined":{"minecraft:jungle_stairs":1,"biomesoplenty:desert_grass":1,"biomesoplenty:dune_grass":7},"minecraft:used":{"minecraft:stone_axe":1,"minecraft:jungle_stairs":1},"minecraft:picked_up":{"minecraft:jungle_stairs":1},"minecraft:custom":{"minecraft:jump":198,"minecraft:time_since_rest":19807,"minecraft:damage_taken":30,"minecraft:leave_game":4,"minecraft:play_time":19807,"minecraft:crouch_one_cm":269,"waystones:waystone_activated":2,"minecraft:sprint_one_cm":47093,"minecraft:time_since_death":19807,"minecraft:walk_one_cm":16852,"minecraft:sneak_time":188,"minecraft:total_world_time":19807,"minecraft:fall_one_cm":3965,"minecraft:drop":1,"minecraft:fly_one_cm":161359}},"DataVersion":3465}