{"stats":{"minecraft:used":{"minecraft:bedrock":1,"minecraft:stone_axe":1,"minecraft:andesite":1,"minecraft:jungle_stairs":1,"minecraft:spruce_planks":3},"minecraft:mined":{"minecraft:jungle_stairs":1,"biomesoplenty:desert_grass":1,"biomesoplenty:dune_grass":7},"minecraft:custom":{"minecraft:time_since_rest":59631,"minecraft:sprint_one_cm":97374,"minecraft:crouch_one_cm":3235,"waystones:waystone_activated":2,"minecraft:play_time":87343,"minecraft:damage_taken":270,"minecraft:deaths":1,"minecraft:walk_one_cm":89529,"minecraft:sneak_time":1514,"minecraft:drop":5,"minecraft:jump":544,"minecraft:leave_game":5,"minecraft:time_since_death":59606,"minecraft:total_world_time":87343,"minecraft:fall_one_cm":6154,"minecraft:fly_one_cm":288635},"minecraft:dropped":{"minecraft:barrier":1,"cataclysm:koboleton_spawn_egg":1,"minecraft:chest":3},"minecraft:picked_up":{"minecraft:barrier":1,"minecraft:tripwire_hook":2,"minecraft:jungle_stairs":1,"minecraft:chest":3}},"DataVersion":3465}