{"stats":{"minecraft:mined":{"biomesoplenty:desert_grass":1,"biomesoplenty:dune_grass":7},"minecraft:custom":{"minecraft:jump":110,"minecraft:time_since_rest":5169,"minecraft:crouch_one_cm":262,"minecraft:sprint_one_cm":23834,"waystones:waystone_activated":2,"minecraft:play_time":5169,"minecraft:damage_taken":30,"minecraft:time_since_death":5169,"minecraft:walk_one_cm":6784,"minecraft:sneak_time":163,"minecraft:total_world_time":5169,"minecraft:fall_one_cm":2533,"minecraft:fly_one_cm":68009}},"DataVersion":3465}