{"stats":{"minecraft:used":{"minecraft:bedrock":1,"minecraft:stone_axe":1,"minecraft:andesite":1,"minecraft:jungle_stairs":1,"minecraft:spruce_planks":3},"minecraft:mined":{"minecraft:jungle_stairs":1,"biomesoplenty:desert_grass":1,"biomesoplenty:dune_grass":7},"minecraft:custom":{"minecraft:time_since_rest":131631,"minecraft:sprint_one_cm":116399,"minecraft:crouch_one_cm":4524,"waystones:waystone_activated":2,"minecraft:play_time":159343,"minecraft:damage_taken":270,"minecraft:deaths":1,"minecraft:walk_one_cm":131477,"minecraft:sneak_time":1956,"minecraft:drop":31,"minecraft:jump":732,"minecraft:leave_game":5,"minecraft:time_since_death":131606,"minecraft:total_world_time":159343,"minecraft:fall_one_cm":6154,"minecraft:fly_one_cm":359857,"minecraft:open_chest":13},"minecraft:dropped":{"minecraft:barrier":1,"cataclysm:koboleton_spawn_egg":1,"library_of_exile:legendary_enchant_tool":1,"minecraft:stone_pickaxe":1,"minecraft:stone_sword":1,"minecraft:tripwire_hook":128,"endrem:witch_pupil":1,"minecraft:stone_shovel":1,"paraglider:spirit_orb":569,"minecraft:chest":4,"minecraft:sculk_sensor":1,"minecraft:oak_stairs":1},"minecraft:picked_up":{"minecraft:barrier":1,"minecraft:tripwire_hook":2,"minecraft:jungle_stairs":1,"minecraft:chest":3}},"DataVersion":3465}