{"stats":{"minecraft:dropped":{"cataclysm:koboleton_spawn_egg":1},"minecraft:mined":{"minecraft:jungle_stairs":1,"biomesoplenty:desert_grass":1,"biomesoplenty:dune_grass":7},"minecraft:used":{"minecraft:stone_axe":1,"minecraft:jungle_stairs":1},"minecraft:picked_up":{"minecraft:jungle_stairs":1},"minecraft:custom":{"minecraft:jump":181,"minecraft:time_since_rest":17584,"minecraft:damage_taken":30,"minecraft:leave_game":2,"minecraft:play_time":17584,"minecraft:crouch_one_cm":269,"waystones:waystone_activated":2,"minecraft:sprint_one_cm":45334,"minecraft:time_since_death":17584,"minecraft:walk_one_cm":13422,"minecraft:sneak_time":188,"minecraft:total_world_time":17584,"minecraft:fall_one_cm":3965,"minecraft:drop":1,"minecraft:fly_one_cm":157709}},"DataVersion":3465}