{"stats":{"minecraft:custom":{"minecraft:interact_with_anvil":2,"minecraft:mob_kills":90,"minecraft:leave_game":1,"minecraft:time_since_death":30719,"minecraft:time_since_rest":30749,"minecraft:walk_one_cm":468230,"minecraft:damage_taken":4964,"minecraft:sprint_one_cm":158326,"minecraft:damage_absorbed":770,"minecraft:damage_blocked_by_shield":1851,"minecraft:drop":15,"minecraft:damage_dealt":19592,"minecraft:damage_dealt_absorbed":63,"minecraft:fly_one_cm":387148,"minecraft:crouch_one_cm":11858,"minecraft:play_time":97590,"minecraft:deaths":2,"minecraft:sneak_time":2792,"minecraft:jump":497,"minecraft:walk_on_water_one_cm":823,"minecraft:total_world_time":97590,"minecraft:fall_one_cm":5870,"minecraft:horse_one_cm":4205},"minecraft:used":{"better_weaponry:netherite_shield":25,"tconstruct:modifier_worktable":1,"cataclysm:ignis_spawn_egg":1,"minecraft:damaged_anvil":3,"cataclysm:endermaptera_spawn_egg":2,"the_harvest:harvest":2,"cataclysm:netherite_ministrosity_spawn_egg":1,"cataclysm:urchinkin_spawn_egg":1,"minecraft:golden_apple":21,"cataclysm:scylla_spawn_egg":1,"cataclysm:ancient_remnant_spawn_egg":1,"advancednetherite:netherite_diamond_leggings":1,"better_weaponry:netherite_chakram":90,"cataclysm:ender_guardian_spawn_egg":1,"better_weaponry:netherite_scythe":215,"better_weaponry:netherite_cutlass":191,"minecraft:grass_block":1,"cataclysm:ignited_berserker_spawn_egg":1,"tconstruct:tinker_station":2,"minecraft:deepslate":11,"cataclysm:coralssus_spawn_egg":2,"tconstruct:tinkers_chest":1,"tconstruct:tinkers_anvil":1,"cataclysm:symbiocto_spawn_egg":1,"minecraft:golden_carrot":11,"tconstruct:cast_chest":2,"cataclysm:deepling_brute_spawn_egg":2,"tconstruct:scorched_anvil":1,"tconstruct:part_builder":1},"minecraft:dropped":{"minecraft:oak_log":8,"minecraft:deepslate":1,"cataclysm:essence_of_the_storm":3,"cataclysm:dying_ember":1,"minecraft:grass_block":1,"magistuarmory:torse_and_mantle_decoration":1,"mca:book_romance":2,"gravestone:obituary":1,"minecraft:arrow":2,"minecraft:string":1,"cataclysm:scylla_spawn_egg":1},"minecraft:picked_up":{"cataclysm:void_jaw":3,"minecraft:oak_log":8,"minecraft:gunpowder":3,"mca:book_romance":1,"mowziesmobs:wrought_axe":1,"minecraft:string":5,"minecraft:bone":3,"minecraft:wheat_seeds":3,"cataclysm:essence_of_the_storm":3,"cataclysm:scylla_spawn_egg":1,"mowziesmobs:wrought_helmet":1,"minecraft:ink_sac":3,"minecraft:spider_eye":2,"cataclysm:coral_chunk":1,"cataclysm:netherite_effigy":1,"minecraft:slime_ball":30,"minecraft:arrow":3,"cataclysm:dying_ember":1,"minecraft:rotten_flesh":9,"magistuarmory:torse_and_mantle_decoration":1,"cataclysm:lacrima":1,"minecraft:ender_pearl":1},"minecraft:mined":{"minecraft:fire":2},"minecraft:killed_by":{"cataclysm:scylla":1,"cataclysm:ender_guardian":1},"minecraft:killed":{"mythicmounts:dragon":1,"minecraft:spider":6,"cataclysm:symbiocto":1,"minecraft:slime":60,"minecraft:creeper":4,"cataclysm:scylla":1,"minecraft:skeleton":3,"cataclysm:ancient_remnant":1,"cataclysm:deepling_brute":1,"mowziesmobs:ferrous_wroughtnaut":1,"minecraft:zombie":5,"cataclysm:netherite_ministrosity":1,"cataclysm:endermaptera":2,"cataclysm:coralssus":1,"minecraft:enderman":1}},"DataVersion":3465}