{"stats":{"minecraft:used":{"minecraft:bedrock":1,"minecraft:stone_axe":1,"minecraft:andesite":1,"minecraft:jungle_stairs":1,"minecraft:spruce_planks":3},"minecraft:mined":{"minecraft:jungle_stairs":1,"biomesoplenty:desert_grass":1,"biomesoplenty:dune_grass":7},"minecraft:custom":{"minecraft:time_since_rest":197631,"minecraft:sprint_one_cm":120163,"minecraft:crouch_one_cm":4633,"waystones:waystone_activated":2,"minecraft:play_time":225343,"minecraft:damage_taken":270,"minecraft:deaths":1,"minecraft:walk_one_cm":156234,"minecraft:sneak_time":2014,"minecraft:drop":42,"minecraft:jump":766,"minecraft:leave_game":5,"minecraft:time_since_death":197606,"minecraft:total_world_time":225343,"minecraft:fall_one_cm":6154,"minecraft:fly_one_cm":368287,"minecraft:open_chest":41},"minecraft:dropped":{"minecraft:barrier":1,"cataclysm:koboleton_spawn_egg":1,"tconstruct:scorched_anvil":2,"library_of_exile:legendary_enchant_tool":2,"minecraft:stone_pickaxe":1,"tconstruct:creative_slot":6,"minecraft:stone_sword":1,"minecraft:tripwire_hook":128,"endrem:witch_pupil":1,"irons_spellbooks:arcane_anvil":1,"tconstruct:tinkers_anvil":1,"minecraft:stone_shovel":1,"paraglider:spirit_orb":569,"minecraft:chest":4,"minecraft:sculk_sensor":1,"minecraft:oak_stairs":1},"minecraft:picked_up":{"minecraft:barrier":1,"minecraft:tripwire_hook":2,"minecraft:jungle_stairs":1,"tconstruct:scorched_anvil":1,"tconstruct:creative_slot":3,"library_of_exile:legendary_enchant_tool":1,"minecraft:chest":3}},"DataVersion":3465}