{"stats":{"minecraft:dropped":{"cataclysm:koboleton_spawn_egg":1},"minecraft:mined":{"minecraft:jungle_stairs":1,"biomesoplenty:desert_grass":1,"biomesoplenty:dune_grass":7},"minecraft:used":{"minecraft:stone_axe":1,"minecraft:jungle_stairs":1},"minecraft:picked_up":{"minecraft:jungle_stairs":1},"minecraft:custom":{"minecraft:jump":314,"minecraft:time_since_rest":2605,"minecraft:damage_taken":270,"minecraft:leave_game":4,"minecraft:play_time":30317,"minecraft:crouch_one_cm":390,"waystones:waystone_activated":2,"minecraft:sprint_one_cm":73524,"minecraft:time_since_death":2580,"minecraft:walk_one_cm":35750,"minecraft:sneak_time":256,"minecraft:total_world_time":30317,"minecraft:fall_one_cm":6154,"minecraft:drop":1,"minecraft:fly_one_cm":211699,"minecraft:deaths":1}},"DataVersion":3465}