{"stats":{"minecraft:custom":{"minecraft:mob_kills":86,"minecraft:fill_cauldron":16,"minecraft:leave_game":23,"minecraft:time_since_death":40,"minecraft:climb_one_cm":2423,"minecraft:time_since_rest":43,"minecraft:sprint_one_cm":282882,"minecraft:walk_one_cm":499477,"minecraft:damage_taken":19513,"minecraft:damage_absorbed":456,"minecraft:drop":32,"minecraft:damage_dealt":15230,"minecraft:damage_dealt_absorbed":119,"minecraft:fly_one_cm":1261522,"minecraft:crouch_one_cm":35399,"minecraft:play_time":695952,"minecraft:deaths":48,"minecraft:sneak_time":14056,"minecraft:walk_under_water_one_cm":725,"minecraft:aviate_one_cm":3298699,"minecraft:jump":2613,"minecraft:walk_on_water_one_cm":1334,"minecraft:total_world_time":695952,"minecraft:use_cauldron":10,"minecraft:fall_one_cm":23086,"minecraft:horse_one_cm":4901},"minecraft:used":{"minecraft:water_bucket":9,"cataclysm:ignis_spawn_egg":1,"farmersdelight:netherite_knife":51,"minecraft:cauldron":5,"minecraft:sheep_spawn_egg":11,"mowziesmobs:foliaath_spawn_egg":48,"minecraft:dirt":39,"mowziesmobs:wroughtnaut_spawn_egg":3,"mowziesmobs:frostmaw_spawn_egg":2,"supplementaries:faucet":4,"mowziesmobs:wrought_axe":45,"tombstone:decorative_grave_simple":1,"minecraft:lava_bucket":7,"minecraft:firework_rocket":214,"minecraft:grass_block":56,"mowziesmobs:umvuthi_spawn_egg":3,"minecraft:totem_of_undying":14,"mowziesmobs:sol_visage":6,"minecraft:bedrock":2,"mowziesmobs:geomancer_beads":2,"better_weaponry:amethyst_sword":3,"better_weaponry:amethyst_scythe":357,"minecraft:bucket":10,"tombstone:gift":5,"minecraft:enchanted_golden_apple":1},"minecraft:killed":{"minecraft:pig":1,"mowziesmobs:umvuthi":2,"mythicmounts:dragon":7,"minecraft:spider":2,"minecraft:ender_dragon":4,"minecraft:slime":29,"minecraft:sheep":9,"minecraft:horse":1,"cataclysm:deepling_brute":1,"mowziesmobs:ferrous_wroughtnaut":1,"minecraft:zombie":7,"cataclysm:ignited_berserker":1,"mowziesmobs:umvuthana_crane":6,"cataclysm:coralssus":1,"mowziesmobs:foliaath":2,"minecraft:cow":8},"minecraft:mined":{"minecraft:soul_fire":3},"minecraft:picked_up":{"minecraft:feather":5,"cataclysm:ignitium_ingot":6,"minecraft:leather":19,"minecraft:pink_wool":4,"mowziesmobs:wrought_axe":1,"cataclysm:gauntlet_of_guard":1,"minecraft:dirt":76,"mowziesmobs:geomancer_beads":1,"minecraft:string":3,"mowziesmobs:sculptor_staff":2,"minecraft:bone":7,"minecraft:wheat_seeds":1,"irons_spellbooks:arcane_essence":155,"mowziesmobs:foliaath_seed":21,"minecraft:beef":18,"cataclysm:essence_of_the_storm":3,"mowziesmobs:sol_visage":2,"minecraft:porkchop":4,"mowziesmobs:wrought_helmet":1,"tombstone:decorative_grave_simple":1,"irons_spellbooks:dragonskin":18,"minecraft:grass_block":2,"cataclysm:coral_chunk":1,"minecraft:slime_ball":26,"minecraft:rotten_flesh":17,"minecraft:arrow":5,"cataclysm:dying_ember":1,"create_coins:wooden_coin_hammer":22,"skilltree:amnesia_scroll":4,"supplementaries:ash":2,"minecraft:mutton":14,"cataclysm:lacrima":14,"minecraft:white_wool":4},"minecraft:killed_by":{"mowziesmobs:ferrous_wroughtnaut":14,"minecraft:player":2,"minecraft:creeper":2,"minecraft:spider":2,"minecraft:zombie":1,"cataclysm:scylla":3,"minecraft:slime":1},"minecraft:dropped":{"mowziesmobs:sculptor_staff":1,"cataclysm:dying_ember":1,"minecraft:totem_of_undying":3,"minecraft:dirt":1,"create_coins:wooden_coin_hammer":22,"minecraft:white_wool":3}},"DataVersion":3465}