{"stats":{"minecraft:picked_up":{"minecraft:oak_slab":1,"patchouli:guide_book":1,"minecraft:sand":1,"minecraft:white_bed":2},"minecraft:used":{"waystones:waystone":2,"minecraft:oak_log":9,"minecraft:oak_fence":16,"minecraft:sand":1,"minecraft:oak_slab":42,"minecraft:oak_stairs":17,"minecraft:white_bed":3,"tombstone:gift":2,"minecraft:oak_wood":17,"minecraft:tuff":4,"minecraft:deepslate":23},"minecraft:custom":{"minecraft:time_since_rest":4223,"minecraft:sprint_one_cm":30933,"minecraft:crouch_one_cm":2732,"waystones:waystone_activated":3,"minecraft:play_time":40239,"minecraft:damage_taken":4950,"minecraft:deaths":5,"minecraft:walk_one_cm":29338,"minecraft:sneak_time":1072,"minecraft:walk_under_water_one_cm":2888,"minecraft:drop":1,"minecraft:jump":376,"minecraft:leave_game":3,"minecraft:walk_on_water_one_cm":298,"minecraft:time_since_death":5816,"minecraft:sleep_in_bed":1,"minecraft:total_world_time":40239,"minecraft:swim_one_cm":1899,"minecraft:fall_one_cm":22595,"minecraft:fly_one_cm":290925},"minecraft:dropped":{"patchouli:guide_book":1},"minecraft:mined":{"minecraft:oak_slab":1,"minecraft:white_bed":2,"minecraft:sand":1}},"DataVersion":3465}