{"stats":{"minecraft:mined":{"minecraft:oak_slab":1,"minecraft:white_bed":4,"minecraft:sand":2},"minecraft:used":{"minecraft:oak_log":9,"minecraft:oak_fence":16,"waystones:waystone":2,"minecraft:stone_sword":2,"minecraft:oak_stairs":17,"minecraft:chest":1,"minecraft:deepslate":23,"minecraft:sand":2,"minecraft:oak_slab":42,"tombstone:gift":5,"minecraft:white_bed":5,"minecraft:oak_wood":17,"minecraft:tuff":4},"minecraft:custom":{"minecraft:time_since_rest":43000,"minecraft:sprint_one_cm":119611,"minecraft:damage_taken":8665,"minecraft:walk_one_cm":102086,"minecraft:mob_kills":1,"minecraft:drop":9,"minecraft:damage_dealt":86,"minecraft:swim_one_cm":178162,"minecraft:fly_one_cm":634994,"minecraft:open_chest":7,"minecraft:crouch_one_cm":5941,"waystones:waystone_activated":3,"minecraft:play_time":326761,"minecraft:deaths":21,"minecraft:sneak_time":2695,"minecraft:walk_under_water_one_cm":9216,"minecraft:jump":1396,"minecraft:walk_on_water_one_cm":1244,"minecraft:leave_game":7,"minecraft:time_since_death":42969,"minecraft:sleep_in_bed":2,"minecraft:climb_one_cm":991,"minecraft:total_world_time":326761,"minecraft:fall_one_cm":57901},"minecraft:dropped":{"create_coins:copper_coin":12,"minecraft:apple":8,"minecraft:tripwire_hook":2,"minecraft:coal":48,"patchouli:guide_book":1,"paraglider:spirit_orb":1},"minecraft:picked_up":{"minecraft:oak_slab":1,"endrem:witch_pupil":1,"minecraft:tripwire_hook":9,"patchouli:guide_book":1,"minecraft:pink_wool":1,"library_of_exile:legendary_enchant_tool":1,"paraglider:spirit_orb":7,"minecraft:sand":2,"minecraft:white_bed":4,"minecraft:mutton":2},"minecraft:killed":{"minecraft:sheep":1}},"DataVersion":3465}