{"stats":{"minecraft:picked_up":{"minecraft:oak_slab":1,"patchouli:guide_book":1,"minecraft:sand":1,"minecraft:white_bed":2},"minecraft:used":{"waystones:waystone":2,"minecraft:oak_log":9,"minecraft:oak_fence":16,"minecraft:sand":1,"minecraft:oak_slab":42,"minecraft:oak_stairs":17,"minecraft:white_bed":3,"tombstone:gift":2,"minecraft:oak_wood":17,"minecraft:tuff":4,"minecraft:deepslate":23},"minecraft:custom":{"minecraft:time_since_rest":23685,"minecraft:sprint_one_cm":34724,"minecraft:crouch_one_cm":2842,"waystones:waystone_activated":3,"minecraft:play_time":64239,"minecraft:damage_taken":5980,"minecraft:deaths":6,"minecraft:walk_one_cm":30586,"minecraft:sneak_time":1123,"minecraft:walk_under_water_one_cm":2888,"minecraft:drop":1,"minecraft:jump":414,"minecraft:leave_game":3,"minecraft:walk_on_water_one_cm":298,"minecraft:time_since_death":23648,"minecraft:sleep_in_bed":1,"minecraft:total_world_time":64239,"minecraft:swim_one_cm":2551,"minecraft:fall_one_cm":25601,"minecraft:fly_one_cm":299918},"minecraft:dropped":{"patchouli:guide_book":1},"minecraft:mined":{"minecraft:oak_slab":1,"minecraft:white_bed":2,"minecraft:sand":1}},"DataVersion":3465}