{"stats":{"minecraft:mined":{"minecraft:soul_fire":3,"gravestone:gravestone":3},"minecraft:picked_up":{"minecraft:feather":1,"mowziesmobs:sol_visage":1,"cataclysm:ignitium_ingot":6,"minecraft:leather":19,"minecraft:porkchop":4,"mowziesmobs:wrought_helmet":1,"irons_spellbooks:dragonskin":18,"mowziesmobs:wrought_axe":1,"cataclysm:gauntlet_of_guard":1,"minecraft:string":3,"cataclysm:coral_chunk":1,"cataclysm:dying_ember":1,"minecraft:rotten_flesh":9,"minecraft:slime_ball":22,"irons_spellbooks:arcane_essence":155,"mowziesmobs:foliaath_seed":21,"minecraft:beef":18,"cataclysm:essence_of_the_storm":3,"skilltree:amnesia_scroll":4,"cataclysm:lacrima":14},"minecraft:killed_by":{"cataclysm:scylla":3},"minecraft:custom":{"minecraft:time_since_rest":203691,"minecraft:damage_taken":4471,"minecraft:sprint_one_cm":135435,"minecraft:damage_absorbed":456,"minecraft:walk_one_cm":309610,"minecraft:mob_kills":75,"minecraft:drop":4,"minecraft:damage_dealt":14212,"minecraft:damage_dealt_absorbed":119,"minecraft:fly_one_cm":741556,"minecraft:fill_cauldron":16,"minecraft:crouch_one_cm":14654,"minecraft:play_time":271230,"minecraft:deaths":3,"minecraft:sneak_time":4621,"minecraft:aviate_one_cm":3290729,"minecraft:jump":1179,"minecraft:leave_game":10,"minecraft:time_since_death":203664,"minecraft:total_world_time":271230,"minecraft:use_cauldron":10,"minecraft:fall_one_cm":9585,"minecraft:horse_one_cm":1664},"minecraft:dropped":{"cataclysm:dying_ember":1,"gravestone:obituary":3},"minecraft:used":{"cataclysm:ignis_spawn_egg":1,"minecraft:water_bucket":9,"minecraft:lava_bucket":7,"minecraft:firework_rocket":214,"farmersdelight:netherite_knife":49,"minecraft:grass_block":53,"minecraft:cauldron":5,"mowziesmobs:umvuthi_spawn_egg":3,"minecraft:totem_of_undying":13,"mowziesmobs:foliaath_spawn_egg":48,"minecraft:bedrock":2,"minecraft:dirt":20,"mowziesmobs:wroughtnaut_spawn_egg":3,"mowziesmobs:frostmaw_spawn_egg":2,"supplementaries:faucet":4,"better_weaponry:amethyst_scythe":353,"minecraft:bucket":10,"mowziesmobs:wrought_axe":45},"minecraft:killed":{"minecraft:horse":1,"cataclysm:deepling_brute":1,"mowziesmobs:ferrous_wroughtnaut":1,"cataclysm:ignited_berserker":1,"minecraft:zombie":7,"minecraft:pig":1,"mowziesmobs:umvuthana_crane":6,"mowziesmobs:umvuthi":2,"mythicmounts:dragon":7,"minecraft:spider":2,"cataclysm:coralssus":1,"minecraft:ender_dragon":4,"mowziesmobs:foliaath":1,"minecraft:slime":28,"minecraft:cow":8}},"DataVersion":3465}