{"stats":{"minecraft:mined":{"minecraft:oak_leaves":6},"minecraft:dropped":{"minecraft:gravel":11,"minecraft:cooked_chicken":64,"mowziesmobs:foliaath_seed":9,"minecraft:diamond_leggings":1,"minecraft:cobblestone":1,"mowziesmobs:glowing_jelly":3,"minecraft:diamond_chestplate":1,"minecraft:diamond_helmet":1,"minecraft:diamond_boots":1},"minecraft:killed":{"cataclysm:cindaria":2,"mowziesmobs:lantern":1,"mowziesmobs:umvuthana_crane":3,"mowziesmobs:umvuthana":1},"minecraft:picked_up":{"cataclysm:music_disc_the_harbinger":1,"minecraft:salmon":2,"cataclysm:ignitium_ingot":9,"mowziesmobs:glowing_jelly":3,"minecraft:dirt":3,"minecraft:diamond_leggings":1,"mowziesmobs:foliaath_seed":21,"minecraft:cooked_chicken":64,"cataclysm:essence_of_the_storm":3,"minecraft:diamond_helmet":1,"mowziesmobs:umvuthana_mask_misery":2,"minecraft:stick":4,"cataclysm:witherite_block":1,"locks:iron_lock":1,"minecraft:gravel":11,"locks:gold_lock":1,"locks:steel_lock_pick":64,"minecraft:rotten_flesh":2,"minecraft:diamond_chestplate":1,"cataclysm:music_disc_the_cataclysmfarer":1,"minecraft:diamond_boots":1,"locks:diamond_lock":1,"cataclysm:lacrima":14,"minecraft:snowball":2,"minecraft:cobblestone":1},"minecraft:custom":{"minecraft:mob_kills":7,"minecraft:damage_dealt_resisted":14,"minecraft:leave_game":8,"minecraft:time_since_death":4827,"minecraft:climb_one_cm":2632,"minecraft:time_since_rest":4867,"minecraft:sprint_one_cm":101684,"minecraft:damage_taken":904,"minecraft:walk_one_cm":123973,"minecraft:drop":9,"minecraft:damage_dealt":1000,"minecraft:swim_one_cm":4342,"minecraft:fly_one_cm":640725,"minecraft:open_chest":14,"minecraft:crouch_one_cm":8477,"minecraft:play_time":133261,"minecraft:deaths":4,"minecraft:sneak_time":2935,"minecraft:walk_under_water_one_cm":6548,"minecraft:jump":986,"minecraft:walk_on_water_one_cm":3904,"minecraft:total_world_time":133261,"minecraft:fall_one_cm":7035,"minecraft:horse_one_cm":194738},"minecraft:killed_by":{"mowziesmobs:ferrous_wroughtnaut":1,"cataclysm:scylla":2},"minecraft:used":{"mowziesmobs:foliaath_seed":9,"cataclysm:ignis_spawn_egg":1,"mowziesmobs:umvuthana_spawn_egg":1,"mowziesmobs:sculptor_spawn_egg":1,"cataclysm:witherite_block":12,"minecraft:cooked_chicken":3,"locks:diamond_lock":1,"mowziesmobs:umvuthana_raptor_spawn_egg":1,"mowziesmobs:umvuthana_crane_spawn_egg":1,"mowziesmobs:foliaath_spawn_egg":46,"mowziesmobs:naga_spawn_egg":1,"cataclysm:urchinkin_spawn_egg":1,"cataclysm:scylla_spawn_egg":3,"mowziesmobs:frostmaw_spawn_egg":1,"mowziesmobs:lantern_spawn_egg":1,"mowziesmobs:wroughtnaut_spawn_egg":3,"hollow_knight_decor:cargo_elevator_counterweight_top":1,"hollow_knight_decor:cargo_elevator_counterweight":5,"mowziesmobs:grottol_spawn_egg":1,"locks:gold_lock":1,"mowziesmobs:glowing_jelly":8,"mowziesmobs:wrought_axe":7,"locks:diamond_lock_pick":1,"mowziesmobs:bluff_spawn_egg":1,"minecraft:grass_block":1,"mowzies_cataclysm:frostmaw_eye":20,"cataclysm:cindaria_spawn_egg":3,"mowzies_cataclysm:sun_eye":3,"cataclysm:clawdian_spawn_egg":2,"mowzies_cataclysm:wrought_eye":3,"mowziesmobs:umvuthi_spawn_egg":1,"mowzies_cataclysm:tongbi_eye":7,"locks:wood_lock_pick":7,"magistuarmory:diamond_chainmorgenstern":1,"minecraft:diamond_sword":4,"minecraft:cobblestone":1,"sereneseasons:season_sensor":1}},"DataVersion":3465}