{"stats":{"minecraft:dropped":{"minecraft:gravel":11,"mowziesmobs:glowing_jelly":3,"mowziesmobs:foliaath_seed":9,"minecraft:cobblestone":1},"minecraft:killed":{"mowziesmobs:lantern":1,"cataclysm:cindaria":2,"mowziesmobs:umvuthana_crane":3,"mowziesmobs:umvuthana":1},"minecraft:picked_up":{"cataclysm:music_disc_the_harbinger":1,"minecraft:salmon":2,"cataclysm:ignitium_ingot":9,"cataclysm:witherite_block":1,"locks:iron_lock":1,"minecraft:gravel":11,"mowziesmobs:glowing_jelly":3,"locks:gold_lock":1,"locks:steel_lock_pick":64,"minecraft:rotten_flesh":2,"cataclysm:music_disc_the_cataclysmfarer":1,"mowziesmobs:foliaath_seed":17,"locks:diamond_lock":1,"minecraft:snowball":2,"mowziesmobs:umvuthana_mask_misery":2,"minecraft:cobblestone":1},"minecraft:custom":{"minecraft:time_since_rest":49949,"minecraft:sprint_one_cm":79160,"minecraft:walk_one_cm":95283,"minecraft:mob_kills":7,"minecraft:drop":4,"minecraft:damage_dealt":826,"minecraft:swim_one_cm":4342,"minecraft:fly_one_cm":595428,"minecraft:open_chest":14,"minecraft:crouch_one_cm":5694,"minecraft:play_time":120533,"minecraft:deaths":1,"minecraft:sneak_time":2289,"minecraft:walk_under_water_one_cm":5058,"minecraft:jump":866,"minecraft:damage_dealt_resisted":14,"minecraft:leave_game":5,"minecraft:walk_on_water_one_cm":2517,"minecraft:time_since_death":49925,"minecraft:climb_one_cm":2632,"minecraft:total_world_time":120533,"minecraft:fall_one_cm":209,"minecraft:horse_one_cm":194738},"minecraft:used":{"mowziesmobs:foliaath_seed":9,"locks:diamond_lock_pick":1,"mowziesmobs:bluff_spawn_egg":1,"mowziesmobs:umvuthana_spawn_egg":1,"cataclysm:ignis_spawn_egg":1,"mowziesmobs:sculptor_spawn_egg":1,"minecraft:grass_block":1,"cataclysm:witherite_block":12,"mowzies_cataclysm:frostmaw_eye":20,"cataclysm:cindaria_spawn_egg":3,"mowzies_cataclysm:sun_eye":3,"cataclysm:clawdian_spawn_egg":2,"magistuarmory:diamond_chainmorgenstern":1,"mowzies_cataclysm:tongbi_eye":7,"mowzies_cataclysm:wrought_eye":3,"mowziesmobs:umvuthi_spawn_egg":1,"mowziesmobs:umvuthana_crane_spawn_egg":1,"locks:wood_lock_pick":7,"mowziesmobs:umvuthana_raptor_spawn_egg":1,"locks:diamond_lock":1,"cataclysm:urchinkin_spawn_egg":1,"mowziesmobs:naga_spawn_egg":1,"mowziesmobs:foliaath_spawn_egg":46,"cataclysm:scylla_spawn_egg":1,"minecraft:cobblestone":1,"mowziesmobs:frostmaw_spawn_egg":1,"mowziesmobs:wroughtnaut_spawn_egg":2,"mowziesmobs:lantern_spawn_egg":1,"hollow_knight_decor:cargo_elevator_counterweight_top":1,"mowziesmobs:grottol_spawn_egg":1,"hollow_knight_decor:cargo_elevator_counterweight":5,"sereneseasons:season_sensor":1,"locks:gold_lock":1,"mowziesmobs:glowing_jelly":8,"mowziesmobs:wrought_axe":7}},"DataVersion":3465}