{"stats":{"minecraft:killed_by":{"cataclysm:scylla":3},"minecraft:mined":{"minecraft:soul_fire":3,"gravestone:gravestone":3},"minecraft:dropped":{"cataclysm:dying_ember":1,"gravestone:obituary":3},"minecraft:used":{"cataclysm:ignis_spawn_egg":1,"minecraft:water_bucket":9,"minecraft:lava_bucket":7,"minecraft:firework_rocket":210,"minecraft:grass_block":53,"minecraft:cauldron":5,"mowziesmobs:umvuthi_spawn_egg":3,"minecraft:totem_of_undying":13,"mowziesmobs:foliaath_spawn_egg":48,"minecraft:bedrock":2,"minecraft:dirt":20,"mowziesmobs:frostmaw_spawn_egg":2,"mowziesmobs:wroughtnaut_spawn_egg":3,"supplementaries:faucet":4,"minecraft:bucket":10,"mowziesmobs:wrought_axe":44},"minecraft:killed":{"cataclysm:deepling_brute":1,"mowziesmobs:ferrous_wroughtnaut":1,"cataclysm:ignited_berserker":1,"minecraft:zombie":7,"mowziesmobs:umvuthana_crane":6,"mowziesmobs:umvuthi":2,"minecraft:spider":2,"cataclysm:coralssus":1,"mowziesmobs:foliaath":1,"minecraft:slime":28},"minecraft:picked_up":{"minecraft:feather":1,"cataclysm:ignitium_ingot":6,"mowziesmobs:sol_visage":1,"mowziesmobs:wrought_helmet":1,"mowziesmobs:wrought_axe":1,"cataclysm:gauntlet_of_guard":1,"minecraft:string":3,"cataclysm:coral_chunk":1,"cataclysm:dying_ember":1,"minecraft:rotten_flesh":9,"minecraft:slime_ball":22,"mowziesmobs:foliaath_seed":21,"cataclysm:essence_of_the_storm":3,"cataclysm:lacrima":14},"minecraft:custom":{"minecraft:time_since_rest":106003,"minecraft:damage_absorbed":456,"minecraft:sprint_one_cm":97669,"minecraft:damage_taken":4471,"minecraft:walk_one_cm":284118,"minecraft:mob_kills":54,"minecraft:drop":4,"minecraft:damage_dealt":9639,"minecraft:damage_dealt_absorbed":119,"minecraft:fly_one_cm":372870,"minecraft:fill_cauldron":16,"minecraft:crouch_one_cm":14565,"minecraft:play_time":173542,"minecraft:deaths":3,"minecraft:sneak_time":4033,"minecraft:aviate_one_cm":3135760,"minecraft:jump":982,"minecraft:leave_game":3,"minecraft:time_since_death":105976,"minecraft:total_world_time":173542,"minecraft:use_cauldron":10,"minecraft:fall_one_cm":9585,"minecraft:horse_one_cm":1664}},"DataVersion":3465}