{"stats":{"minecraft:mined":{"minecraft:oak_slab":1,"minecraft:white_bed":4,"minecraft:sand":2},"minecraft:used":{"minecraft:oak_log":9,"minecraft:oak_fence":16,"waystones:waystone":2,"minecraft:stone_sword":2,"minecraft:oak_stairs":17,"minecraft:chest":1,"minecraft:deepslate":23,"minecraft:sand":2,"minecraft:oak_slab":42,"tombstone:gift":3,"minecraft:white_bed":5,"minecraft:oak_wood":17,"minecraft:tuff":4},"minecraft:custom":{"minecraft:time_since_rest":175323,"minecraft:sprint_one_cm":112829,"minecraft:damage_taken":7440,"minecraft:walk_one_cm":84507,"minecraft:mob_kills":1,"minecraft:drop":5,"minecraft:damage_dealt":60,"minecraft:swim_one_cm":2712,"minecraft:fly_one_cm":620502,"minecraft:open_chest":3,"minecraft:crouch_one_cm":5384,"waystones:waystone_activated":3,"minecraft:play_time":278761,"minecraft:deaths":20,"minecraft:sneak_time":2457,"minecraft:walk_under_water_one_cm":2888,"minecraft:jump":1291,"minecraft:walk_on_water_one_cm":306,"minecraft:leave_game":7,"minecraft:time_since_death":175295,"minecraft:sleep_in_bed":2,"minecraft:total_world_time":278761,"minecraft:fall_one_cm":54384},"minecraft:dropped":{"create_coins:copper_coin":4,"minecraft:tripwire_hook":2,"minecraft:coal":16,"patchouli:guide_book":1},"minecraft:picked_up":{"minecraft:oak_slab":1,"minecraft:tripwire_hook":9,"patchouli:guide_book":1,"minecraft:pink_wool":1,"minecraft:sand":2,"minecraft:white_bed":4,"minecraft:mutton":2},"minecraft:killed":{"minecraft:sheep":1}},"DataVersion":3465}