{"stats":{"minecraft:mined":{"minecraft:oak_slab":1,"minecraft:white_bed":4,"minecraft:sand":2},"minecraft:used":{"minecraft:oak_fence":16,"minecraft:oak_log":9,"minecraft:sand":2,"minecraft:stone_sword":2,"minecraft:oak_slab":42,"minecraft:oak_stairs":17,"minecraft:white_bed":5,"tombstone:gift":3,"minecraft:oak_wood":17,"minecraft:chest":1,"minecraft:tuff":4,"minecraft:deepslate":23,"waystones:waystone":2},"minecraft:custom":{"minecraft:time_since_rest":139323,"minecraft:open_chest":1,"minecraft:play_time":242761,"minecraft:crouch_one_cm":5012,"waystones:waystone_activated":3,"minecraft:sprint_one_cm":102980,"minecraft:damage_taken":7440,"minecraft:deaths":20,"minecraft:walk_one_cm":72932,"minecraft:sneak_time":2230,"minecraft:walk_under_water_one_cm":2888,"minecraft:mob_kills":1,"minecraft:drop":1,"minecraft:jump":1182,"minecraft:damage_dealt":60,"minecraft:leave_game":7,"minecraft:time_since_death":139295,"minecraft:walk_on_water_one_cm":306,"minecraft:sleep_in_bed":2,"minecraft:total_world_time":242761,"minecraft:swim_one_cm":2712,"minecraft:fall_one_cm":51946,"minecraft:fly_one_cm":597191},"minecraft:dropped":{"patchouli:guide_book":1},"minecraft:picked_up":{"minecraft:oak_slab":1,"minecraft:tripwire_hook":6,"patchouli:guide_book":1,"minecraft:pink_wool":1,"minecraft:sand":2,"minecraft:white_bed":4,"minecraft:mutton":2},"minecraft:killed":{"minecraft:sheep":1}},"DataVersion":3465}