{"stats":{"minecraft:dropped":{"patchouli:guide_book":1},"minecraft:mined":{"minecraft:oak_slab":1,"minecraft:white_bed":4,"minecraft:sand":2},"minecraft:used":{"waystones:waystone":2,"minecraft:oak_fence":16,"minecraft:oak_log":9,"minecraft:stone_sword":2,"minecraft:sand":2,"minecraft:oak_slab":42,"minecraft:oak_stairs":17,"minecraft:white_bed":5,"tombstone:gift":3,"minecraft:oak_wood":17,"minecraft:tuff":4,"minecraft:deepslate":23},"minecraft:killed":{"minecraft:sheep":1},"minecraft:picked_up":{"minecraft:oak_slab":1,"patchouli:guide_book":1,"minecraft:pink_wool":1,"minecraft:sand":2,"minecraft:white_bed":4,"minecraft:mutton":2},"minecraft:custom":{"minecraft:time_since_rest":112411,"minecraft:play_time":215849,"minecraft:crouch_one_cm":4563,"waystones:waystone_activated":3,"minecraft:sprint_one_cm":99935,"minecraft:damage_taken":7440,"minecraft:deaths":20,"minecraft:walk_one_cm":67956,"minecraft:sneak_time":2052,"minecraft:walk_under_water_one_cm":2888,"minecraft:mob_kills":1,"minecraft:drop":1,"minecraft:jump":1136,"minecraft:damage_dealt":60,"minecraft:leave_game":6,"minecraft:time_since_death":112383,"minecraft:walk_on_water_one_cm":306,"minecraft:sleep_in_bed":2,"minecraft:total_world_time":215849,"minecraft:swim_one_cm":2712,"minecraft:fall_one_cm":51261,"minecraft:fly_one_cm":536779}},"DataVersion":3465}