{"stats":{"minecraft:picked_up":{"minecraft:oak_slab":1,"patchouli:guide_book":1,"minecraft:sand":1,"minecraft:white_bed":4},"minecraft:used":{"waystones:waystone":2,"minecraft:oak_log":9,"minecraft:oak_fence":16,"minecraft:sand":1,"minecraft:oak_slab":42,"minecraft:oak_stairs":17,"tombstone:gift":3,"minecraft:white_bed":4,"minecraft:oak_wood":17,"minecraft:tuff":4,"minecraft:deepslate":23},"minecraft:custom":{"minecraft:time_since_rest":2024,"minecraft:sprint_one_cm":51670,"minecraft:crouch_one_cm":3130,"waystones:waystone_activated":3,"minecraft:play_time":87999,"minecraft:damage_taken":7180,"minecraft:deaths":15,"minecraft:walk_one_cm":41262,"minecraft:sneak_time":1334,"minecraft:walk_under_water_one_cm":2888,"minecraft:drop":1,"minecraft:jump":609,"minecraft:leave_game":4,"minecraft:walk_on_water_one_cm":298,"minecraft:time_since_death":1996,"minecraft:sleep_in_bed":1,"minecraft:total_world_time":87999,"minecraft:swim_one_cm":2712,"minecraft:fall_one_cm":41529,"minecraft:fly_one_cm":362035},"minecraft:dropped":{"patchouli:guide_book":1},"minecraft:mined":{"minecraft:oak_slab":1,"minecraft:white_bed":4,"minecraft:sand":1}},"DataVersion":3465}