{"stats":{"minecraft:picked_up":{"minecraft:oak_slab":1,"patchouli:guide_book":1,"minecraft:sand":1},"minecraft:used":{"waystones:waystone":2,"minecraft:oak_log":9,"minecraft:oak_fence":16,"minecraft:sand":1,"minecraft:oak_slab":42,"minecraft:oak_stairs":17,"tombstone:gift":1,"minecraft:oak_wood":17,"minecraft:tuff":4,"minecraft:deepslate":23},"minecraft:custom":{"minecraft:time_since_rest":2081,"minecraft:sprint_one_cm":21102,"minecraft:crouch_one_cm":2042,"waystones:waystone_activated":3,"minecraft:play_time":28485,"minecraft:deaths":1,"minecraft:damage_taken":270,"minecraft:walk_one_cm":23780,"minecraft:sneak_time":747,"minecraft:drop":1,"minecraft:jump":268,"minecraft:leave_game":2,"minecraft:time_since_death":2055,"minecraft:total_world_time":28485,"minecraft:swim_one_cm":255,"minecraft:fall_one_cm":13087,"minecraft:fly_one_cm":252602},"minecraft:dropped":{"patchouli:guide_book":1},"minecraft:mined":{"minecraft:oak_slab":1,"minecraft:sand":1}},"DataVersion":3465}