{
  "tconstruct:tools/materials_and_you": {
    "criteria": {
      "crafted_book": "2025-08-20 02:29:59 +0000"
    },
    "done": true
  },
  "incendium:technical/sentrys_wrath": {
    "criteria": {
      "log_spam_fixer": "2025-08-20 02:42:51 +0000"
    },
    "done": false
  },
  "ironchest:recipes/decorations/chests/trapped_iron_chest": {
    "criteria": {
      "has_tripwire_hook": "2025-08-20 02:40:28 +0000"
    },
    "done": true
  },
  "ironchest:recipes/decorations/chests/trapped_diamond_chest": {
    "criteria": {
      "has_tripwire_hook": "2025-08-20 02:40:28 +0000"
    },
    "done": true
  },
  "ironchest:recipes/decorations/chests/trapped_copper_chest": {
    "criteria": {
      "has_tripwire_hook": "2025-08-20 02:40:28 +0000"
    },
    "done": true
  },
  "incendium:technical/on_player_hurt": {
    "criteria": {
      "log_spam_fixer": "2025-08-20 02:42:51 +0000"
    },
    "done": false
  },
  "minecraft:recipes/decorations/crafting_table": {
    "criteria": {
      "unlock_right_away": "2025-08-20 02:29:59 +0000"
    },
    "done": true
  },
  "mowziesmobs:root": {
    "criteria": {
      "custom_test_name": "2025-08-20 02:29:59 +0000"
    },
    "done": true
  },
  "irons_spellbooks:grant_patchouli": {
    "criteria": {
      "tick": "2025-08-20 02:29:59 +0000"
    },
    "done": true
  },
  "incendium:technical/new_player": {
    "criteria": {
      "requirement": "2025-08-20 02:29:59 +0000"
    },
    "done": true
  },
  "incendium:technical/on_kill": {
    "criteria": {
      "log_spam_fixer": "2025-08-20 02:42:51 +0000"
    },
    "done": false
  },
  "ironchest:recipes/decorations/chests/trapped_crystal_chest": {
    "criteria": {
      "has_tripwire_hook": "2025-08-20 02:40:28 +0000"
    },
    "done": true
  },
  "ironchest:recipes/decorations/chests/trapped_gold_chest": {
    "criteria": {
      "has_tripwire_hook": "2025-08-20 02:40:28 +0000"
    },
    "done": true
  },
  "pizzadelight:root": {
    "criteria": {
      "tick": "2025-08-20 02:29:59 +0000"
    },
    "done": true
  },
  "ironchest:recipes/decorations/chests/trapped_obsidian_chest": {
    "criteria": {
      "has_tripwire_hook": "2025-08-20 02:40:28 +0000"
    },
    "done": true
  },
  "incendium:technical/on_inventory_change": {
    "criteria": {
      "log_spam_fixer": "2025-08-20 02:42:51 +0000"
    },
    "done": false
  },
  "minecraft:recipes/combat/crossbow": {
    "criteria": {
      "has_tripwire_hook": "2025-08-20 02:40:28 +0000"
    },
    "done": true
  },
  "incendium:technical/holy_wrath": {
    "criteria": {
      "log_spam_fixer": "2025-08-20 02:42:51 +0000"
    },
    "done": false
  },
  "incendium:technical/on_block": {
    "criteria": {
      "log_spam_fixer": "2025-08-20 02:42:51 +0000"
    },
    "done": false
  },
  "incendium:technical/using/shield": {
    "criteria": {
      "log_spam_fixer": "2025-08-20 02:30:00 +0000"
    },
    "done": false
  },
  "tombstone:adventure/root": {
    "criteria": {
      "auto": "2025-08-20 02:30:00 +0000"
    },
    "done": true
  },
  "incendium:technical/inventory/sentrys_wrath": {
    "criteria": {
      "log_spam_fixer": "2025-08-20 02:42:51 +0000"
    },
    "done": false
  },
  "incendium:technical/feed_ghastling": {
    "criteria": {
      "log_spam_fixer": "2025-08-20 02:42:51 +0000"
    },
    "done": false
  },
  "minecraft:recipes/redstone/trapped_chest": {
    "criteria": {
      "has_tripwire_hook": "2025-08-20 02:40:28 +0000"
    },
    "done": true
  },
  "ironchest:recipes/decorations/chests/trapped_dirt_chest": {
    "criteria": {
      "has_tripwire_hook": "2025-08-20 02:40:28 +0000"
    },
    "done": true
  },
  "incendium:technical/firestorm": {
    "criteria": {
      "log_spam_fixer": "2025-08-20 02:42:51 +0000"
    },
    "done": false
  },
  "minecraft:husbandry/root": {
    "criteria": {
      "consumed_item": "2025-08-20 02:43:06 +0000"
    },
    "done": true
  },
  "incendium:technical/inventory/firestorm": {
    "criteria": {
      "log_spam_fixer": "2025-08-20 02:42:51 +0000"
    },
    "done": false
  },
  "cataclysm:root": {
    "criteria": {
      "custom_test_name": "2025-08-20 02:29:59 +0000"
    },
    "done": true
  },
  "incendium:technical/give_ghastling": {
    "criteria": {
      "log_spam_fixer": "2025-08-20 02:42:51 +0000"
    },
    "done": false
  },
  "tconstruct:internal/starting_book": {
    "criteria": {
      "tick": "2025-08-20 02:29:59 +0000"
    },
    "done": true
  },
  "minecraft:recipes/decorations/torch": {
    "criteria": {
      "has_stone_pickaxe": "2025-08-20 02:29:59 +0000"
    },
    "done": true
  },
  "incendium:technical/scroll_of_returning": {
    "criteria": {
      "log_spam_fixer": "2025-08-20 02:30:00 +0000"
    },
    "done": false
  },
  "incendium:technical/multiplex_crossbow": {
    "criteria": {
      "log_spam_fixer": "2025-08-20 02:42:51 +0000"
    },
    "done": false
  },
  "incendium:technical/using/ragnarok": {
    "criteria": {
      "log_spam_fixer": "2025-08-20 02:30:00 +0000"
    },
    "done": false
  },
  "farmersdelight:main/root": {
    "criteria": {
      "seeds": "2025-08-20 02:29:59 +0000"
    },
    "done": true
  },
  "minecraft:story/upgrade_tools": {
    "criteria": {
      "stone_pickaxe": "2025-08-20 02:29:59 +0000"
    },
    "done": true
  },
  "incendium:technical/using/trailblazer": {
    "criteria": {
      "log_spam_fixer": "2025-08-20 02:30:00 +0000"
    },
    "done": false
  },
  "minecraft:adventure/adventuring_time": {
    "criteria": {
      "minecraft:beach": "2025-08-20 02:30:00 +0000"
    },
    "done": false
  },
  "DataVersion": 3465
}