{
  "tconstruct:tools/materials_and_you": {
    "criteria": {
      "crafted_book": "2025-08-20 02:10:31 +0000"
    },
    "done": true
  },
  "minecraft:recipes/decorations/crafting_table": {
    "criteria": {
      "unlock_right_away": "2025-08-20 02:10:31 +0000"
    },
    "done": true
  },
  "mowziesmobs:root": {
    "criteria": {
      "custom_test_name": "2025-08-20 02:10:31 +0000"
    },
    "done": true
  },
  "irons_spellbooks:grant_patchouli": {
    "criteria": {
      "tick": "2025-08-20 02:10:31 +0000"
    },
    "done": true
  },
  "incendium:technical/new_player": {
    "criteria": {
      "requirement": "2025-08-20 02:10:31 +0000"
    },
    "done": true
  },
  "pizzadelight:root": {
    "criteria": {
      "tick": "2025-08-20 02:10:31 +0000"
    },
    "done": true
  },
  "cataclysm:root": {
    "criteria": {
      "custom_test_name": "2025-08-20 02:10:31 +0000"
    },
    "done": true
  },
  "tconstruct:internal/starting_book": {
    "criteria": {
      "tick": "2025-08-20 02:10:31 +0000"
    },
    "done": true
  },
  "farmersdelight:main/root": {
    "criteria": {
      "seeds": "2025-08-20 02:10:31 +0000"
    },
    "done": true
  },
  "incendium:technical/using/shield": {
    "criteria": {
      "log_spam_fixer": "2025-08-20 02:10:32 +0000"
    },
    "done": false
  },
  "tombstone:adventure/root": {
    "criteria": {
      "auto": "2025-08-20 02:10:32 +0000"
    },
    "done": true
  },
  "minecraft:recipes/decorations/torch": {
    "criteria": {
      "has_stone_pickaxe": "2025-08-20 02:10:32 +0000"
    },
    "done": true
  },
  "incendium:technical/scroll_of_returning": {
    "criteria": {
      "log_spam_fixer": "2025-08-20 02:10:32 +0000"
    },
    "done": false
  },
  "incendium:technical/using/ragnarok": {
    "criteria": {
      "log_spam_fixer": "2025-08-20 02:10:32 +0000"
    },
    "done": false
  },
  "minecraft:story/upgrade_tools": {
    "criteria": {
      "stone_pickaxe": "2025-08-20 02:10:32 +0000"
    },
    "done": true
  },
  "incendium:technical/using/trailblazer": {
    "criteria": {
      "log_spam_fixer": "2025-08-20 02:10:32 +0000"
    },
    "done": false
  },
  "minecraft:adventure/adventuring_time": {
    "criteria": {
      "minecraft:beach": "2025-08-20 02:10:32 +0000"
    },
    "done": false
  },
  "minecraft:recipes/combat/diamond_sword": {
    "criteria": {
      "has_diamond": "2025-08-20 02:14:08 +0000"
    },
    "done": true
  },
  "minecraft:recipes/decorations/jukebox": {
    "criteria": {
      "has_diamond": "2025-08-20 02:14:08 +0000"
    },
    "done": true
  },
  "minecraft:recipes/combat/diamond_chestplate": {
    "criteria": {
      "has_diamond": "2025-08-20 02:14:08 +0000"
    },
    "done": true
  },
  "minecraft:recipes/tools/diamond_pickaxe": {
    "criteria": {
      "has_diamond": "2025-08-20 02:14:08 +0000"
    },
    "done": true
  },
  "minecraft:recipes/tools/diamond_hoe": {
    "criteria": {
      "has_diamond": "2025-08-20 02:14:08 +0000"
    },
    "done": true
  },
  "minecraft:recipes/tools/diamond_shovel": {
    "criteria": {
      "has_diamond": "2025-08-20 02:14:08 +0000"
    },
    "done": true
  },
  "skilltree:recipes/combat/diamond_quiver": {
    "criteria": {
      "has_gems_diamond": "2025-08-20 02:14:08 +0000"
    },
    "done": true
  },
  "minecraft:recipes/decorations/campfire": {
    "criteria": {
      "has_coal": "2025-08-20 02:14:08 +0000"
    },
    "done": true
  },
  "minecraft:recipes/combat/diamond_helmet": {
    "criteria": {
      "has_diamond": "2025-08-20 02:14:08 +0000"
    },
    "done": true
  },
  "advancednetherite:recipes/misc/netherite_diamond_ingot": {
    "criteria": {
      "has_TagKey[minecraft:item / forge:gems/diamond]": "2025-08-20 02:14:08 +0000"
    },
    "done": true
  },
  "tconstruct:recipes/decorations/gadgets/frame/diamond": {
    "criteria": {
      "has_item": "2025-08-20 02:14:08 +0000"
    },
    "done": true
  },
  "minecraft:recipes/building_blocks/diamond_block": {
    "criteria": {
      "has_diamond": "2025-08-20 02:14:08 +0000"
    },
    "done": true
  },
  "ironchest:recipes/decorations/chests/gold_diamond_chest": {
    "criteria": {
      "has_diamonds": "2025-08-20 02:14:08 +0000"
    },
    "done": true
  },
  "minecraft:story/mine_diamond": {
    "criteria": {
      "diamond": "2025-08-20 02:14:08 +0000"
    },
    "done": true
  },
  "farmersdelight:recipes/combat/diamond_knife": {
    "criteria": {
      "has_diamond": "2025-08-20 02:14:08 +0000"
    },
    "done": true
  },
  "minecraft:recipes/combat/diamond_leggings": {
    "criteria": {
      "has_diamond": "2025-08-20 02:14:08 +0000"
    },
    "done": true
  },
  "minecraft:recipes/building_blocks/coal_block": {
    "criteria": {
      "has_coal": "2025-08-20 02:14:08 +0000"
    },
    "done": true
  },
  "minecraft:recipes/combat/diamond_boots": {
    "criteria": {
      "has_diamond": "2025-08-20 02:14:08 +0000"
    },
    "done": true
  },
  "minecraft:recipes/tools/diamond_axe": {
    "criteria": {
      "has_diamond": "2025-08-20 02:14:08 +0000"
    },
    "done": true
  },
  "ironchest:recipes/decorations/chests/trapped_iron_chest": {
    "criteria": {
      "has_tripwire_hook": "2025-08-20 02:29:01 +0000"
    },
    "done": true
  },
  "ironchest:recipes/decorations/chests/trapped_diamond_chest": {
    "criteria": {
      "has_tripwire_hook": "2025-08-20 02:29:01 +0000"
    },
    "done": true
  },
  "ironchest:recipes/decorations/chests/trapped_copper_chest": {
    "criteria": {
      "has_tripwire_hook": "2025-08-20 02:29:01 +0000"
    },
    "done": true
  },
  "ironchest:recipes/decorations/chests/trapped_crystal_chest": {
    "criteria": {
      "has_tripwire_hook": "2025-08-20 02:29:01 +0000"
    },
    "done": true
  },
  "ironchest:recipes/decorations/chests/trapped_gold_chest": {
    "criteria": {
      "has_tripwire_hook": "2025-08-20 02:29:01 +0000"
    },
    "done": true
  },
  "ironchest:recipes/decorations/chests/trapped_obsidian_chest": {
    "criteria": {
      "has_tripwire_hook": "2025-08-20 02:29:01 +0000"
    },
    "done": true
  },
  "minecraft:recipes/combat/crossbow": {
    "criteria": {
      "has_tripwire_hook": "2025-08-20 02:29:01 +0000"
    },
    "done": true
  },
  "minecraft:recipes/redstone/trapped_chest": {
    "criteria": {
      "has_tripwire_hook": "2025-08-20 02:29:01 +0000"
    },
    "done": true
  },
  "ironchest:recipes/decorations/chests/trapped_dirt_chest": {
    "criteria": {
      "has_tripwire_hook": "2025-08-20 02:29:01 +0000"
    },
    "done": true
  },
  "DataVersion": 3465
}