{
  "tconstruct:tools/materials_and_you": {
    "criteria": {
      "crafted_book": "2025-08-20 01:47:33 +0000"
    },
    "done": true
  },
  "minecraft:recipes/decorations/crafting_table": {
    "criteria": {
      "unlock_right_away": "2025-08-20 01:47:33 +0000"
    },
    "done": true
  },
  "mowziesmobs:root": {
    "criteria": {
      "custom_test_name": "2025-08-20 01:47:33 +0000"
    },
    "done": true
  },
  "irons_spellbooks:grant_patchouli": {
    "criteria": {
      "tick": "2025-08-20 01:47:33 +0000"
    },
    "done": true
  },
  "incendium:technical/new_player": {
    "criteria": {
      "requirement": "2025-08-20 01:47:33 +0000"
    },
    "done": true
  },
  "pizzadelight:root": {
    "criteria": {
      "tick": "2025-08-20 01:47:33 +0000"
    },
    "done": true
  },
  "cataclysm:root": {
    "criteria": {
      "custom_test_name": "2025-08-20 01:47:33 +0000"
    },
    "done": true
  },
  "tconstruct:internal/starting_book": {
    "criteria": {
      "tick": "2025-08-20 01:47:33 +0000"
    },
    "done": true
  },
  "minecraft:recipes/decorations/torch": {
    "criteria": {
      "has_stone_pickaxe": "2025-08-20 01:47:33 +0000"
    },
    "done": true
  },
  "farmersdelight:main/root": {
    "criteria": {
      "seeds": "2025-08-20 01:47:33 +0000"
    },
    "done": true
  },
  "minecraft:story/upgrade_tools": {
    "criteria": {
      "stone_pickaxe": "2025-08-20 01:47:33 +0000"
    },
    "done": true
  },
  "incendium:technical/using/shield": {
    "criteria": {
      "log_spam_fixer": "2025-08-20 01:47:34 +0000"
    },
    "done": false
  },
  "tombstone:adventure/root": {
    "criteria": {
      "auto": "2025-08-20 01:47:34 +0000"
    },
    "done": true
  },
  "incendium:technical/scroll_of_returning": {
    "criteria": {
      "log_spam_fixer": "2025-08-20 01:47:34 +0000"
    },
    "done": false
  },
  "incendium:technical/using/ragnarok": {
    "criteria": {
      "log_spam_fixer": "2025-08-20 01:47:34 +0000"
    },
    "done": false
  },
  "incendium:technical/using/trailblazer": {
    "criteria": {
      "log_spam_fixer": "2025-08-20 01:47:34 +0000"
    },
    "done": false
  },
  "minecraft:adventure/adventuring_time": {
    "criteria": {
      "minecraft:beach": "2025-08-20 01:47:34 +0000",
      "minecraft:river": "2025-08-20 01:51:27 +0000",
      "minecraft:desert": "2025-08-20 01:49:51 +0000",
      "minecraft:plains": "2025-08-20 02:19:27 +0000"
    },
    "done": false
  },
  "biomesoplenty:biomesoplenty/root": {
    "criteria": {
      "lush_desert": "2025-08-20 01:50:12 +0000"
    },
    "done": true
  },
  "biomesoplenty:biomesoplenty/all_biomes": {
    "criteria": {
      "lush_savanna": "2025-08-20 01:51:29 +0000",
      "lush_desert": "2025-08-20 01:50:12 +0000"
    },
    "done": false
  },
  "cataclysm:find_cursed_pyramid": {
    "criteria": {
      "pyramid": "2025-08-20 01:51:34 +0000"
    },
    "done": true
  },
  "ironchest:recipes/decorations/chests/trapped_iron_chest": {
    "criteria": {
      "has_tripwire_hook": "2025-08-20 02:48:22 +0000"
    },
    "done": true
  },
  "ironchest:recipes/decorations/chests/trapped_diamond_chest": {
    "criteria": {
      "has_tripwire_hook": "2025-08-20 02:48:22 +0000"
    },
    "done": true
  },
  "ironchest:recipes/decorations/chests/trapped_copper_chest": {
    "criteria": {
      "has_tripwire_hook": "2025-08-20 02:48:22 +0000"
    },
    "done": true
  },
  "minecraft:recipes/decorations/chest": {
    "criteria": {
      "has_lots_of_items": "2025-08-20 02:48:22 +0000"
    },
    "done": true
  },
  "ironchest:recipes/decorations/chests/trapped_crystal_chest": {
    "criteria": {
      "has_tripwire_hook": "2025-08-20 02:48:22 +0000"
    },
    "done": true
  },
  "ironchest:recipes/decorations/chests/trapped_gold_chest": {
    "criteria": {
      "has_tripwire_hook": "2025-08-20 02:48:22 +0000"
    },
    "done": true
  },
  "ironchest:recipes/decorations/chests/trapped_obsidian_chest": {
    "criteria": {
      "has_tripwire_hook": "2025-08-20 02:48:22 +0000"
    },
    "done": true
  },
  "minecraft:recipes/combat/crossbow": {
    "criteria": {
      "has_tripwire_hook": "2025-08-20 02:48:22 +0000"
    },
    "done": true
  },
  "minecraft:recipes/redstone/trapped_chest": {
    "criteria": {
      "has_tripwire_hook": "2025-08-20 02:48:22 +0000"
    },
    "done": true
  },
  "ironchest:recipes/decorations/chests/trapped_dirt_chest": {
    "criteria": {
      "has_tripwire_hook": "2025-08-20 02:48:22 +0000"
    },
    "done": true
  },
  "minecraft:recipes/building_blocks/raw_iron_block": {
    "criteria": {
      "has_raw_iron": "2025-08-20 02:49:18 +0000"
    },
    "done": true
  },
  "minecraft:recipes/misc/iron_ingot_from_blasting_raw_iron": {
    "criteria": {
      "has_raw_iron": "2025-08-20 02:49:18 +0000"
    },
    "done": true
  },
  "minecraft:recipes/misc/iron_ingot_from_smelting_raw_iron": {
    "criteria": {
      "has_raw_iron": "2025-08-20 02:49:18 +0000"
    },
    "done": true
  },
  "supplementaries:recipes/lock_block": {
    "criteria": {
      "minecraft:planks": "2025-08-20 02:51:07 +0000"
    },
    "done": true
  },
  "minecraft:recipes/misc/stick": {
    "criteria": {
      "has_planks": "2025-08-20 02:51:07 +0000"
    },
    "done": true
  },
  "mca:recipes/decorations/red_spruce_crib": {
    "criteria": {
      "has_spruce_planks": "2025-08-20 02:51:07 +0000"
    },
    "done": true
  },
  "mca:recipes/decorations/orange_spruce_crib": {
    "criteria": {
      "has_spruce_planks": "2025-08-20 02:51:07 +0000"
    },
    "done": true
  },
  "mca:recipes/decorations/yellow_spruce_crib": {
    "criteria": {
      "has_spruce_planks": "2025-08-20 02:51:07 +0000"
    },
    "done": true
  },
  "mca:recipes/decorations/pink_spruce_crib": {
    "criteria": {
      "has_spruce_planks": "2025-08-20 02:51:07 +0000"
    },
    "done": true
  },
  "minecraft:recipes/decorations/spruce_fence": {
    "criteria": {
      "has_planks": "2025-08-20 02:51:07 +0000"
    },
    "done": true
  },
  "mca:recipes/decorations/white_spruce_crib": {
    "criteria": {
      "has_spruce_planks": "2025-08-20 02:51:07 +0000"
    },
    "done": true
  },
  "minecraft:recipes/redstone/spruce_button": {
    "criteria": {
      "has_planks": "2025-08-20 02:51:07 +0000"
    },
    "done": true
  },
  "supplementaries:recipes/sign_post_spruce": {
    "criteria": {
      "has_the_recipe": "2025-08-20 02:51:07 +0000"
    },
    "done": true
  },
  "minecraft:recipes/redstone/spruce_pressure_plate": {
    "criteria": {
      "has_planks": "2025-08-20 02:51:07 +0000"
    },
    "done": true
  },
  "mca:recipes/decorations/light_gray_spruce_crib": {
    "criteria": {
      "has_spruce_planks": "2025-08-20 02:51:07 +0000"
    },
    "done": true
  },
  "mca:recipes/decorations/blue_spruce_crib": {
    "criteria": {
      "has_spruce_planks": "2025-08-20 02:51:07 +0000"
    },
    "done": true
  },
  "supplementaries:recipes/turn_table": {
    "criteria": {
      "minecraft:planks": "2025-08-20 02:51:07 +0000"
    },
    "done": true
  },
  "mca:recipes/decorations/black_spruce_crib": {
    "criteria": {
      "has_spruce_planks": "2025-08-20 02:51:07 +0000"
    },
    "done": true
  },
  "supplementaries:recipes/clock_block": {
    "criteria": {
      "minecraft:planks": "2025-08-20 02:51:07 +0000"
    },
    "done": true
  },
  "minecraft:recipes/decorations/barrel": {
    "criteria": {
      "has_planks": "2025-08-20 02:51:07 +0000"
    },
    "done": true
  },
  "mca:recipes/decorations/light_blue_spruce_crib": {
    "criteria": {
      "has_spruce_planks": "2025-08-20 02:51:07 +0000"
    },
    "done": true
  },
  "mca:recipes/decorations/magenta_spruce_crib": {
    "criteria": {
      "has_spruce_planks": "2025-08-20 02:51:07 +0000"
    },
    "done": true
  },
  "minecraft:recipes/decorations/spruce_sign": {
    "criteria": {
      "has_planks": "2025-08-20 02:51:07 +0000"
    },
    "done": true
  },
  "supplementaries:recipes/bed_from_feather_block": {
    "criteria": {
      "minecraft:planks": "2025-08-20 02:51:07 +0000"
    },
    "done": true
  },
  "mca:recipes/decorations/purple_spruce_crib": {
    "criteria": {
      "has_spruce_planks": "2025-08-20 02:51:07 +0000"
    },
    "done": true
  },
  "supplementaries:recipes/speaker_block": {
    "criteria": {
      "minecraft:planks": "2025-08-20 02:51:07 +0000"
    },
    "done": true
  },
  "supplementaries:recipes/decorations/sign_post_spruce": {
    "criteria": {
      "has_item": "2025-08-20 02:51:07 +0000"
    },
    "done": true
  },
  "mca:recipes/decorations/cyan_spruce_crib": {
    "criteria": {
      "has_spruce_planks": "2025-08-20 02:51:07 +0000"
    },
    "done": true
  },
  "minecraft:recipes/building_blocks/spruce_slab": {
    "criteria": {
      "has_planks": "2025-08-20 02:51:07 +0000"
    },
    "done": true
  },
  "mca:recipes/decorations/green_spruce_crib": {
    "criteria": {
      "has_spruce_planks": "2025-08-20 02:51:07 +0000"
    },
    "done": true
  },
  "mca:recipes/decorations/brown_spruce_crib": {
    "criteria": {
      "has_spruce_planks": "2025-08-20 02:51:07 +0000"
    },
    "done": true
  },
  "supplementaries:recipes/notice_board": {
    "criteria": {
      "minecraft:planks": "2025-08-20 02:51:07 +0000"
    },
    "done": true
  },
  "cuisinedelight:recipes/misc/plate_from_planks_stonecutting": {
    "criteria": {
      "has_planks": "2025-08-20 02:51:07 +0000"
    },
    "done": true
  },
  "minecraft:recipes/redstone/spruce_trapdoor": {
    "criteria": {
      "has_planks": "2025-08-20 02:51:07 +0000"
    },
    "done": true
  },
  "minecraft:recipes/redstone/spruce_door": {
    "criteria": {
      "has_planks": "2025-08-20 02:51:07 +0000"
    },
    "done": true
  },
  "minecraft:recipes/redstone/spruce_fence_gate": {
    "criteria": {
      "has_planks": "2025-08-20 02:51:07 +0000"
    },
    "done": true
  },
  "mca:recipes/decorations/gray_spruce_crib": {
    "criteria": {
      "has_spruce_planks": "2025-08-20 02:51:07 +0000"
    },
    "done": true
  },
  "mca:recipes/decorations/lime_spruce_crib": {
    "criteria": {
      "has_spruce_planks": "2025-08-20 02:51:07 +0000"
    },
    "done": true
  },
  "supplementaries:recipes/pulley": {
    "criteria": {
      "minecraft:planks": "2025-08-20 02:51:07 +0000"
    },
    "done": true
  },
  "minecraft:recipes/building_blocks/spruce_stairs": {
    "criteria": {
      "has_planks": "2025-08-20 02:51:07 +0000"
    },
    "done": true
  },
  "minecraft:story/mine_stone": {
    "criteria": {
      "get_stone": "2025-08-20 02:51:16 +0000"
    },
    "done": true
  },
  "minecraft:recipes/decorations/furnace": {
    "criteria": {
      "has_cobblestone": "2025-08-20 02:51:16 +0000"
    },
    "done": true
  },
  "minecraft:recipes/building_blocks/andesite_stairs": {
    "criteria": {
      "has_andesite": "2025-08-20 02:51:16 +0000"
    },
    "done": true
  },
  "minecraft:recipes/tools/stone_pickaxe": {
    "criteria": {
      "has_cobblestone": "2025-08-20 02:51:16 +0000"
    },
    "done": true
  },
  "minecraft:recipes/building_blocks/polished_andesite_from_andesite_stonecutting": {
    "criteria": {
      "has_andesite": "2025-08-20 02:51:16 +0000"
    },
    "done": true
  },
  "minecraft:recipes/building_blocks/polished_andesite_stairs_from_andesite_stonecutting": {
    "criteria": {
      "has_andesite": "2025-08-20 02:51:16 +0000"
    },
    "done": true
  },
  "minecraft:recipes/tools/stone_shovel": {
    "criteria": {
      "has_cobblestone": "2025-08-20 02:51:16 +0000"
    },
    "done": true
  },
  "minecraft:recipes/redstone/lever": {
    "criteria": {
      "has_cobblestone": "2025-08-20 02:51:16 +0000"
    },
    "done": true
  },
  "minecraft:recipes/combat/stone_sword": {
    "criteria": {
      "has_cobblestone": "2025-08-20 02:51:16 +0000"
    },
    "done": true
  },
  "minecraft:recipes/tools/stone_axe": {
    "criteria": {
      "has_cobblestone": "2025-08-20 02:51:16 +0000"
    },
    "done": true
  },
  "minecraft:recipes/decorations/andesite_wall_from_andesite_stonecutting": {
    "criteria": {
      "has_andesite": "2025-08-20 02:51:16 +0000"
    },
    "done": true
  },
  "minecraft:recipes/building_blocks/polished_andesite_slab_from_andesite_stonecutting": {
    "criteria": {
      "has_andesite": "2025-08-20 02:51:16 +0000"
    },
    "done": true
  },
  "minecraft:recipes/building_blocks/andesite_slab_from_andesite_stonecutting": {
    "criteria": {
      "has_andesite": "2025-08-20 02:51:16 +0000"
    },
    "done": true
  },
  "minecraft:recipes/building_blocks/andesite_stairs_from_andesite_stonecutting": {
    "criteria": {
      "has_andesite": "2025-08-20 02:51:16 +0000"
    },
    "done": true
  },
  "minecraft:recipes/building_blocks/polished_andesite": {
    "criteria": {
      "has_andesite": "2025-08-20 02:51:16 +0000"
    },
    "done": true
  },
  "minecraft:recipes/decorations/andesite_wall": {
    "criteria": {
      "has_andesite": "2025-08-20 02:51:16 +0000"
    },
    "done": true
  },
  "minecraft:recipes/building_blocks/andesite_slab": {
    "criteria": {
      "has_andesite": "2025-08-20 02:51:16 +0000"
    },
    "done": true
  },
  "minecraft:recipes/tools/stone_hoe": {
    "criteria": {
      "has_cobblestone": "2025-08-20 02:51:16 +0000"
    },
    "done": true
  },
  "minecraft:recipes/decorations/campfire": {
    "criteria": {
      "has_coal": "2025-08-20 02:51:53 +0000"
    },
    "done": true
  },
  "minecraft:recipes/building_blocks/coal_block": {
    "criteria": {
      "has_coal": "2025-08-20 02:51:53 +0000"
    },
    "done": true
  },
  "minecraft:recipes/misc/gold_ingot_from_blasting_raw_gold": {
    "criteria": {
      "has_raw_gold": "2025-08-20 02:51:57 +0000"
    },
    "done": true
  },
  "minecraft:recipes/misc/gold_ingot_from_smelting_raw_gold": {
    "criteria": {
      "has_raw_gold": "2025-08-20 02:51:57 +0000"
    },
    "done": true
  },
  "minecraft:recipes/building_blocks/raw_gold_block": {
    "criteria": {
      "has_raw_gold": "2025-08-20 02:51:57 +0000"
    },
    "done": true
  },
  "mca:recipes/misc/rose_gold_dust": {
    "criteria": {
      "has_item": "2025-08-20 02:51:57 +0000"
    },
    "done": true
  },
  "sophisticatedbackpacks:recipes/misc/copper_backpack": {
    "criteria": {
      "has_backpack": "2025-08-20 02:59:34 +0000"
    },
    "done": true
  },
  "sophisticatedbackpacks:recipes/misc/iron_backpack": {
    "criteria": {
      "has_backpack": "2025-08-20 02:59:34 +0000"
    },
    "done": true
  },
  "artifacts:amateur_archaeologist": {
    "criteria": {
      "find_artifact": "2025-08-20 03:01:11 +0000"
    },
    "done": true
  },
  "minecraft:recipes/decorations/white_bed": {
    "criteria": {
      "has_white_wool": "2025-08-20 03:22:20 +0000"
    },
    "done": true
  },
  "supplementaries:recipes/flags/flag_white": {
    "criteria": {
      "has_white_wool": "2025-08-20 03:22:20 +0000"
    },
    "done": true
  },
  "tconstruct:smeltery/tinkers_anvil": {
    "criteria": {
      "crafted_nether": "2025-08-20 04:56:18 +0000"
    },
    "done": true
  },
  "minecraft:recipes/decorations/painting": {
    "criteria": {
      "has_wool": "2025-08-20 03:22:20 +0000"
    },
    "done": true
  },
  "minecraft:recipes/decorations/white_carpet": {
    "criteria": {
      "has_white_wool": "2025-08-20 03:22:20 +0000"
    },
    "done": true
  },
  "minecraft:recipes/decorations/white_banner": {
    "criteria": {
      "has_white_wool": "2025-08-20 03:22:20 +0000"
    },
    "done": true
  },
  "irons_spellbooks:irons_spellbooks/make_arcane_anvil": {
    "criteria": {
      "arcane_anvil": "2025-08-20 04:56:09 +0000"
    },
    "done": true
  },
  "DataVersion": 3465
}