{
  "tconstruct:tools/materials_and_you": {
    "criteria": {
      "crafted_book": "2025-07-27 02:05:57 +0000"
    },
    "done": true
  },
  "minecraft:recipes/decorations/crafting_table": {
    "criteria": {
      "unlock_right_away": "2025-07-27 02:05:57 +0000"
    },
    "done": true
  },
  "mowziesmobs:root": {
    "criteria": {
      "custom_test_name": "2025-07-27 02:05:57 +0000"
    },
    "done": true
  },
  "cataclysm:root": {
    "criteria": {
      "custom_test_name": "2025-07-27 02:05:57 +0000"
    },
    "done": true
  },
  "incendium:technical/new_player": {
    "criteria": {
      "requirement": "2025-07-27 02:05:57 +0000"
    },
    "done": true
  },
  "tconstruct:internal/starting_book": {
    "criteria": {
      "tick": "2025-07-27 02:05:57 +0000"
    },
    "done": true
  },
  "pizzadelight:root": {
    "criteria": {
      "tick": "2025-07-27 02:05:57 +0000"
    },
    "done": true
  },
  "farmersdelight:main/root": {
    "criteria": {
      "seeds": "2025-07-27 02:05:57 +0000"
    },
    "done": true
  },
  "incendium:technical/scroll_of_returning": {
    "criteria": {
      "log_spam_fixer": "2025-07-27 02:05:58 +0000"
    },
    "done": false
  },
  "incendium:technical/using/ragnarok": {
    "criteria": {
      "log_spam_fixer": "2025-07-27 02:05:58 +0000"
    },
    "done": false
  },
  "incendium:technical/using/trailblazer": {
    "criteria": {
      "log_spam_fixer": "2025-07-27 02:05:58 +0000"
    },
    "done": false
  },
  "minecraft:adventure/adventuring_time": {
    "criteria": {
      "minecraft:beach": "2025-07-27 02:09:15 +0000",
      "minecraft:lukewarm_ocean": "2025-07-27 02:11:41 +0000",
      "minecraft:river": "2025-08-14 17:12:13 +0000",
      "minecraft:deep_lukewarm_ocean": "2025-08-15 03:34:42 +0000",
      "minecraft:plains": "2025-07-27 02:05:58 +0000"
    },
    "done": false
  },
  "incendium:technical/using/shield": {
    "criteria": {
      "log_spam_fixer": "2025-07-27 02:05:58 +0000"
    },
    "done": false
  },
  "minecraft:recipes/misc/charcoal": {
    "criteria": {
      "has_log": "2025-07-27 02:07:00 +0000"
    },
    "done": true
  },
  "minecraft:recipes/building_blocks/oak_planks": {
    "criteria": {
      "has_logs": "2025-07-27 02:07:00 +0000"
    },
    "done": true
  },
  "minecraft:recipes/building_blocks/oak_wood": {
    "criteria": {
      "has_log": "2025-07-27 02:07:00 +0000"
    },
    "done": true
  },
  "mca:root": {
    "criteria": {
      "village_plains": "2025-07-27 02:07:45 +0000"
    },
    "done": true
  },
  "biomesoplenty:recipes/transportation/willow_boat": {
    "criteria": {
      "in_water": "2025-07-27 02:09:29 +0000"
    },
    "done": true
  },
  "biomesoplenty:recipes/transportation/fir_boat": {
    "criteria": {
      "in_water": "2025-07-27 02:09:29 +0000"
    },
    "done": true
  },
  "minecraft:recipes/transportation/cherry_boat": {
    "criteria": {
      "in_water": "2025-07-27 02:09:29 +0000"
    },
    "done": true
  },
  "biomesoplenty:recipes/transportation/umbran_boat": {
    "criteria": {
      "in_water": "2025-07-27 02:09:29 +0000"
    },
    "done": true
  },
  "minecraft:recipes/transportation/bamboo_raft": {
    "criteria": {
      "in_water": "2025-07-27 02:09:29 +0000"
    },
    "done": true
  },
  "biomesoplenty:recipes/transportation/maple_boat": {
    "criteria": {
      "in_water": "2025-07-27 02:09:29 +0000"
    },
    "done": true
  },
  "biomesoplenty:recipes/transportation/dead_boat": {
    "criteria": {
      "in_water": "2025-07-27 02:09:29 +0000"
    },
    "done": true
  },
  "minecraft:recipes/transportation/spruce_boat": {
    "criteria": {
      "in_water": "2025-07-27 02:09:29 +0000"
    },
    "done": true
  },
  "biomesoplenty:recipes/transportation/magic_boat": {
    "criteria": {
      "in_water": "2025-07-27 02:09:29 +0000"
    },
    "done": true
  },
  "minecraft:recipes/transportation/birch_boat": {
    "criteria": {
      "in_water": "2025-07-27 02:09:29 +0000"
    },
    "done": true
  },
  "minecraft:recipes/transportation/oak_boat": {
    "criteria": {
      "in_water": "2025-07-27 02:09:29 +0000"
    },
    "done": true
  },
  "biomesoplenty:recipes/transportation/redwood_boat": {
    "criteria": {
      "in_water": "2025-07-27 02:09:29 +0000"
    },
    "done": true
  },
  "minecraft:recipes/transportation/mangrove_boat": {
    "criteria": {
      "in_water": "2025-07-27 02:09:29 +0000"
    },
    "done": true
  },
  "biomesoplenty:recipes/transportation/hellbark_boat": {
    "criteria": {
      "in_water": "2025-07-27 02:09:29 +0000"
    },
    "done": true
  },
  "biomesoplenty:recipes/transportation/jacaranda_boat": {
    "criteria": {
      "in_water": "2025-07-27 02:09:29 +0000"
    },
    "done": true
  },
  "biomesoplenty:recipes/transportation/mahogany_boat": {
    "criteria": {
      "in_water": "2025-07-27 02:09:29 +0000"
    },
    "done": true
  },
  "biomesoplenty:recipes/transportation/palm_boat": {
    "criteria": {
      "in_water": "2025-07-27 02:09:29 +0000"
    },
    "done": true
  },
  "biomesoplenty:recipes/transportation/empyreal_boat": {
    "criteria": {
      "in_water": "2025-07-27 02:09:29 +0000"
    },
    "done": true
  },
  "biomesoplenty:recipes/transportation/pine_boat": {
    "criteria": {
      "in_water": "2025-07-27 02:09:29 +0000"
    },
    "done": true
  },
  "minecraft:recipes/transportation/acacia_boat": {
    "criteria": {
      "in_water": "2025-07-27 02:09:29 +0000"
    },
    "done": true
  },
  "minecraft:recipes/transportation/jungle_boat": {
    "criteria": {
      "in_water": "2025-07-27 02:09:29 +0000"
    },
    "done": true
  },
  "minecraft:recipes/transportation/dark_oak_boat": {
    "criteria": {
      "in_water": "2025-07-27 02:09:29 +0000"
    },
    "done": true
  },
  "minecraft:husbandry/tame_an_animal": {
    "criteria": {
      "tamed_animal": "2025-07-27 02:10:03 +0000"
    },
    "done": true
  },
  "biomesoplenty:biomesoplenty/all_biomes": {
    "criteria": {
      "shrubland": "2025-08-14 03:29:11 +0000",
      "highland": "2025-08-15 02:03:46 +0000",
      "mystic_grove": "2025-08-14 03:34:22 +0000",
      "maple_woods": "2025-08-14 17:12:15 +0000",
      "crystalline_chasm": "2025-08-14 17:04:58 +0000",
      "field": "2025-08-14 17:12:16 +0000",
      "overgrown_greens": "2025-08-14 03:29:10 +0000",
      "grassland": "2025-08-15 03:32:35 +0000",
      "glowing_grotto": "2025-07-27 02:11:14 +0000",
      "undergrowth": "2025-08-14 17:09:44 +0000",
      "rainforest": "2025-08-15 04:47:29 +0000"
    },
    "done": false
  },
  "biomesoplenty:biomesoplenty/root": {
    "criteria": {
      "glowing_grotto": "2025-07-27 02:11:14 +0000"
    },
    "done": true
  },
  "supplementaries:recipes/crystal_display": {
    "criteria": {
      "has_deepslate": "2025-07-27 02:11:50 +0000"
    },
    "done": true
  },
  "supplementaries:recipes/deepslate_lamp": {
    "criteria": {
      "has_deepslate": "2025-07-27 02:11:50 +0000"
    },
    "done": true
  },
  "minecraft:adventure/root": {
    "criteria": {
      "killed_something": "2025-07-27 02:16:22 +0000"
    },
    "done": true
  },
  "minecraft:adventure/kill_all_mobs": {
    "criteria": {
      "minecraft:blaze": "2025-08-14 17:04:12 +0000",
      "minecraft:skeleton": "2025-07-27 02:21:25 +0000",
      "minecraft:spider": "2025-07-27 02:17:30 +0000",
      "minecraft:creeper": "2025-07-27 02:21:58 +0000",
      "minecraft:slime": "2025-07-27 02:17:25 +0000",
      "minecraft:wither_skeleton": "2025-08-14 03:18:03 +0000",
      "minecraft:enderman": "2025-07-27 02:21:33 +0000",
      "minecraft:zombie": "2025-07-27 02:22:02 +0000"
    },
    "done": false
  },
  "minecraft:adventure/kill_a_mob": {
    "criteria": {
      "minecraft:slime": "2025-07-27 02:17:25 +0000"
    },
    "done": true
  },
  "minecraft:recipes/combat/bow": {
    "criteria": {
      "has_string": "2025-07-27 02:17:31 +0000"
    },
    "done": true
  },
  "minecraft:recipes/tools/fishing_rod": {
    "criteria": {
      "has_string": "2025-07-27 02:17:31 +0000"
    },
    "done": true
  },
  "minecraft:recipes/redstone/tripwire_hook": {
    "criteria": {
      "has_string": "2025-07-27 02:17:31 +0000"
    },
    "done": true
  },
  "supplementaries:recipes/bomb": {
    "criteria": {
      "has_string": "2025-07-27 02:17:31 +0000"
    },
    "done": true
  },
  "mca:recipes/misc/needle_and_thread": {
    "criteria": {
      "has_item": "2025-07-27 02:17:31 +0000"
    },
    "done": true
  },
  "minecraft:recipes/decorations/candle": {
    "criteria": {
      "has_string": "2025-07-27 02:17:31 +0000"
    },
    "done": true
  },
  "supplementaries:recipes/slingshot": {
    "criteria": {
      "has_string": "2025-07-27 02:17:31 +0000"
    },
    "done": true
  },
  "minecraft:recipes/building_blocks/white_wool_from_string": {
    "criteria": {
      "has_string": "2025-07-27 02:17:31 +0000"
    },
    "done": true
  },
  "minecraft:recipes/combat/crossbow": {
    "criteria": {
      "has_string": "2025-07-27 02:17:31 +0000"
    },
    "done": true
  },
  "supplementaries:recipes/sack": {
    "criteria": {
      "has_string": "2025-07-27 02:17:31 +0000"
    },
    "done": true
  },
  "minecraft:recipes/decorations/loom": {
    "criteria": {
      "has_string": "2025-07-27 02:17:31 +0000"
    },
    "done": true
  },
  "tconstruct:recipes/building_blocks/common/slime/earth/congealed": {
    "criteria": {
      "has_item": "2025-07-27 02:17:47 +0000"
    },
    "done": true
  },
  "tconstruct:recipes/tools/common/slime/lead": {
    "criteria": {
      "has_slime_ball": "2025-07-27 02:17:47 +0000"
    },
    "done": true
  },
  "minecraft:recipes/tools/lead": {
    "criteria": {
      "has_slime_ball": "2025-07-27 02:17:47 +0000"
    },
    "done": true
  },
  "tconstruct:world/slime_collector": {
    "criteria": {
      "earth": "2025-07-27 02:17:47 +0000"
    },
    "done": false
  },
  "minecraft:recipes/redstone/sticky_piston": {
    "criteria": {
      "has_slime_ball": "2025-07-27 02:17:47 +0000"
    },
    "done": true
  },
  "minecraft:recipes/redstone/slime_block": {
    "criteria": {
      "has_slime_ball": "2025-07-27 02:17:47 +0000"
    },
    "done": true
  },
  "tconstruct:recipes/redstone/common/slime/sticky_piston": {
    "criteria": {
      "has_slime_ball": "2025-07-27 02:17:47 +0000"
    },
    "done": true
  },
  "minecraft:recipes/decorations/chest": {
    "criteria": {
      "has_lots_of_items": "2025-07-27 02:21:26 +0000"
    },
    "done": true
  },
  "minecraft:recipes/misc/bone_meal": {
    "criteria": {
      "has_bone": "2025-07-27 02:21:26 +0000"
    },
    "done": true
  },
  "skilltree:recipes/misc/assassin_necklace": {
    "criteria": {
      "has_bone": "2025-07-27 02:21:26 +0000"
    },
    "done": true
  },
  "farmersdelight:recipes/cooking/bone_broth": {
    "criteria": {
      "has_bone": "2025-07-27 02:21:26 +0000"
    },
    "done": true
  },
  "skilltree:recipes/combat/bone_quiver": {
    "criteria": {
      "has_bone": "2025-07-27 02:21:26 +0000"
    },
    "done": true
  },
  "mythicmounts:summoning_staff": {
    "criteria": {
      "has_pearl": "2025-07-27 02:21:34 +0000"
    },
    "done": true
  },
  "skilltree:recipes/misc/scholar_necklace": {
    "criteria": {
      "has_ender_pearl": "2025-07-27 02:21:34 +0000"
    },
    "done": true
  },
  "farmersdelight:recipes/cooking/dog_food": {
    "criteria": {
      "has_any_ingredient": "2025-07-27 02:22:02 +0000"
    },
    "done": true
  },
  "farmersdelight:recipes/building_blocks/organic_compost_from_rotten_flesh": {
    "criteria": {
      "has_rotten_flesh": "2025-07-27 02:22:02 +0000"
    },
    "done": true
  },
  "biomesoplenty:recipes/redstone/tnt_from_bop_sand": {
    "criteria": {
      "has_gunpowder": "2025-07-27 02:22:12 +0000"
    },
    "done": true
  },
  "supplementaries:recipes/spring_launcher": {
    "criteria": {
      "has_gunpowder": "2025-07-27 02:22:12 +0000"
    },
    "done": true
  },
  "minecraft:recipes/misc/firework_rocket_simple": {
    "criteria": {
      "has_gunpowder": "2025-07-27 02:22:12 +0000"
    },
    "done": true
  },
  "minecraft:recipes/redstone/tnt": {
    "criteria": {
      "has_gunpowder": "2025-07-27 02:22:12 +0000"
    },
    "done": true
  },
  "tconstruct:tools/tinker_station": {
    "criteria": {
      "crafted_block": "2025-07-27 02:22:21 +0000"
    },
    "done": true
  },
  "tconstruct:tools/part_builder": {
    "criteria": {
      "crafted_block": "2025-07-27 02:22:57 +0000"
    },
    "done": true
  },
  "tconstruct:smeltery/tinkers_anvil": {
    "criteria": {
      "crafted_nether": "2025-07-27 02:23:03 +0000"
    },
    "done": true
  },
  "farmersdelight:recipes/cooking/squid_ink_pasta": {
    "criteria": {
      "has_any_ingredient": "2025-07-27 02:37:05 +0000"
    },
    "done": true
  },
  "minecraft:recipes/misc/black_dye": {
    "criteria": {
      "has_ink_sac": "2025-07-27 02:37:05 +0000"
    },
    "done": true
  },
  "cataclysm:kill_all_bosses": {
    "criteria": {
      "cataclysm:scylla": "2025-07-27 03:02:17 +0000",
      "cataclysm:ancient_remnant": "2025-07-27 02:38:45 +0000"
    },
    "done": false
  },
  "cataclysm:kill_remnant": {
    "criteria": {
      "ignis": "2025-07-27 02:38:45 +0000"
    },
    "done": true
  },
  "paraglider:all_vessels": {
    "criteria": {
      "code_triggered": "2025-07-27 02:39:56 +0000"
    },
    "done": true
  },
  "tconstruct:recipes/misc/common/materials/manyullyn_nugget_from_ingot": {
    "criteria": {
      "has_item": "2025-07-27 02:41:05 +0000"
    },
    "done": true
  },
  "tconstruct:recipes/misc/common/materials/manyullyn_block_from_ingots": {
    "criteria": {
      "has_item": "2025-07-27 02:41:05 +0000"
    },
    "done": true
  },
  "ironchest:recipes/decorations/chests/diamond_obsidian_chest": {
    "criteria": {
      "has_obsidian": "2025-07-27 02:41:31 +0000"
    },
    "done": true
  },
  "minecraft:recipes/tools/flint_and_steel": {
    "criteria": {
      "has_obsidian": "2025-07-27 02:41:31 +0000"
    },
    "done": true
  },
  "minecraft:story/form_obsidian": {
    "criteria": {
      "obsidian": "2025-07-27 02:41:31 +0000"
    },
    "done": true
  },
  "minecraft:recipes/decorations/enchanting_table": {
    "criteria": {
      "has_obsidian": "2025-07-27 02:41:31 +0000"
    },
    "done": true
  },
  "tconstruct:recipes/misc/common/materials/cinderslime_nugget_from_ingot": {
    "criteria": {
      "has_item": "2025-07-27 02:42:14 +0000"
    },
    "done": true
  },
  "tconstruct:recipes/misc/common/materials/cinderslime_block_from_ingots": {
    "criteria": {
      "has_item": "2025-07-27 02:42:14 +0000"
    },
    "done": true
  },
  "tconstruct:recipes/misc/common/materials/slimesteel_nugget_from_ingot": {
    "criteria": {
      "has_item": "2025-07-27 02:42:28 +0000"
    },
    "done": true
  },
  "tconstruct:recipes/misc/common/materials/slimesteel_block_from_ingots": {
    "criteria": {
      "has_item": "2025-07-27 02:42:28 +0000"
    },
    "done": true
  },
  "advancednetherite:nether/netherite_diamond_armor": {
    "criteria": {
      "netherite_diamond_armor": "2025-07-27 02:42:52 +0000"
    },
    "done": true
  },
  "tconstruct:recipes/redstone/smeltery/scorched/fluid_cannon": {
    "criteria": {
      "has_item": "2025-07-27 02:42:58 +0000"
    },
    "done": true
  },
  "tconstruct:recipes/misc/common/materials/cobalt_nugget_from_ingot": {
    "criteria": {
      "has_item": "2025-07-27 02:42:58 +0000"
    },
    "done": true
  },
  "tconstruct:recipes/decorations/common/cobalt_platform": {
    "criteria": {
      "has_bars": "2025-07-27 02:42:58 +0000"
    },
    "done": true
  },
  "tconstruct:recipes/misc/common/materials/cobalt_block_from_ingots": {
    "criteria": {
      "has_item": "2025-07-27 02:42:58 +0000"
    },
    "done": true
  },
  "farmersdelight:recipes/food/horse_feed": {
    "criteria": {
      "has_golden_carrot": "2025-07-27 02:47:34 +0000"
    },
    "done": true
  },
  "mowziesmobs:kill_ferrous_wroughtnaut": {
    "criteria": {
      "ferrous_wroughtnaut": "2025-07-27 02:48:50 +0000"
    },
    "done": true
  },
  "minecraft:husbandry/root": {
    "criteria": {
      "consumed_item": "2025-07-27 02:49:16 +0000"
    },
    "done": true
  },
  "minecraft:husbandry/balanced_diet": {
    "criteria": {
      "mutton": "2025-08-15 03:52:16 +0000",
      "golden_apple": "2025-07-27 02:52:03 +0000",
      "golden_carrot": "2025-07-27 02:49:16 +0000"
    },
    "done": false
  },
  "minecraft:story/deflect_arrow": {
    "criteria": {
      "deflected_projectile": "2025-07-27 02:57:45 +0000"
    },
    "done": true
  },
  "cataclysm:kill_scylla": {
    "criteria": {
      "ignis": "2025-07-27 03:02:17 +0000"
    },
    "done": true
  },
  "minecraft:recipes/brewing/fermented_spider_eye": {
    "criteria": {
      "has_spider_eye": "2025-07-27 03:06:36 +0000"
    },
    "done": true
  },
  "irons_spellbooks:grant_patchouli": {
    "criteria": {
      "tick": "2025-08-14 03:05:31 +0000"
    },
    "done": true
  },
  "twilightforest:recipes/transportation/twilight_oak_boat": {
    "criteria": {
      "in_water": "2025-08-14 03:28:20 +0000"
    },
    "done": true
  },
  "twilightforest:recipes/transportation/time_boat": {
    "criteria": {
      "in_water": "2025-08-14 03:28:20 +0000"
    },
    "done": true
  },
  "twilightforest:recipes/transportation/mining_boat": {
    "criteria": {
      "in_water": "2025-08-14 03:28:20 +0000"
    },
    "done": true
  },
  "twilightforest:recipes/transportation/mangrove_boat": {
    "criteria": {
      "in_water": "2025-08-14 03:28:20 +0000"
    },
    "done": true
  },
  "twilightforest:recipes/transportation/transformation_boat": {
    "criteria": {
      "in_water": "2025-08-14 03:28:20 +0000"
    },
    "done": true
  },
  "twilightforest:recipes/transportation/canopy_boat": {
    "criteria": {
      "in_water": "2025-08-14 03:28:20 +0000"
    },
    "done": true
  },
  "twilightforest:recipes/transportation/dark_boat": {
    "criteria": {
      "in_water": "2025-08-14 03:28:20 +0000"
    },
    "done": true
  },
  "twilightforest:recipes/transportation/sorting_boat": {
    "criteria": {
      "in_water": "2025-08-14 03:28:20 +0000"
    },
    "done": true
  },
  "minecraft:recipes/decorations/oak_sign": {
    "criteria": {
      "has_planks": "2025-08-14 03:55:51 +0000"
    },
    "done": true
  },
  "supplementaries:recipes/lock_block": {
    "criteria": {
      "minecraft:planks": "2025-08-14 03:55:51 +0000"
    },
    "done": true
  },
  "minecraft:recipes/misc/stick": {
    "criteria": {
      "has_planks": "2025-08-14 03:55:51 +0000"
    },
    "done": true
  },
  "minecraft:recipes/building_blocks/oak_slab": {
    "criteria": {
      "has_planks": "2025-08-14 03:55:51 +0000"
    },
    "done": true
  },
  "mca:recipes/decorations/cyan_oak_crib": {
    "criteria": {
      "has_oak_planks": "2025-08-14 03:55:51 +0000"
    },
    "done": true
  },
  "minecraft:recipes/redstone/oak_fence_gate": {
    "criteria": {
      "has_planks": "2025-08-14 03:55:51 +0000"
    },
    "done": true
  },
  "mca:recipes/decorations/white_oak_crib": {
    "criteria": {
      "has_oak_planks": "2025-08-14 03:55:51 +0000"
    },
    "done": true
  },
  "minecraft:recipes/redstone/oak_door": {
    "criteria": {
      "has_planks": "2025-08-14 03:55:51 +0000"
    },
    "done": true
  },
  "supplementaries:recipes/turn_table": {
    "criteria": {
      "minecraft:planks": "2025-08-14 03:55:51 +0000"
    },
    "done": true
  },
  "supplementaries:recipes/clock_block": {
    "criteria": {
      "minecraft:planks": "2025-08-14 03:55:51 +0000"
    },
    "done": true
  },
  "minecraft:recipes/decorations/barrel": {
    "criteria": {
      "has_planks": "2025-08-14 03:55:51 +0000"
    },
    "done": true
  },
  "mca:recipes/decorations/green_oak_crib": {
    "criteria": {
      "has_oak_planks": "2025-08-14 03:55:51 +0000"
    },
    "done": true
  },
  "mca:recipes/decorations/light_gray_oak_crib": {
    "criteria": {
      "has_oak_planks": "2025-08-14 03:55:51 +0000"
    },
    "done": true
  },
  "minecraft:recipes/redstone/oak_trapdoor": {
    "criteria": {
      "has_planks": "2025-08-14 03:55:51 +0000"
    },
    "done": true
  },
  "mca:recipes/decorations/blue_oak_crib": {
    "criteria": {
      "has_oak_planks": "2025-08-14 03:55:51 +0000"
    },
    "done": true
  },
  "mca:recipes/decorations/purple_oak_crib": {
    "criteria": {
      "has_oak_planks": "2025-08-14 03:55:51 +0000"
    },
    "done": true
  },
  "supplementaries:recipes/bed_from_feather_block": {
    "criteria": {
      "minecraft:planks": "2025-08-14 03:55:51 +0000"
    },
    "done": true
  },
  "mca:recipes/decorations/red_oak_crib": {
    "criteria": {
      "has_oak_planks": "2025-08-14 03:55:51 +0000"
    },
    "done": true
  },
  "minecraft:recipes/building_blocks/oak_stairs": {
    "criteria": {
      "has_planks": "2025-08-14 03:55:51 +0000"
    },
    "done": true
  },
  "minecraft:recipes/decorations/oak_fence": {
    "criteria": {
      "has_planks": "2025-08-14 03:55:51 +0000"
    },
    "done": true
  },
  "mca:recipes/decorations/magenta_oak_crib": {
    "criteria": {
      "has_oak_planks": "2025-08-14 03:55:51 +0000"
    },
    "done": true
  },
  "supplementaries:recipes/speaker_block": {
    "criteria": {
      "minecraft:planks": "2025-08-14 03:55:51 +0000"
    },
    "done": true
  },
  "minecraft:recipes/redstone/oak_button": {
    "criteria": {
      "has_planks": "2025-08-14 03:55:51 +0000"
    },
    "done": true
  },
  "supplementaries:recipes/notice_board": {
    "criteria": {
      "minecraft:planks": "2025-08-14 03:55:51 +0000"
    },
    "done": true
  },
  "mca:recipes/decorations/lime_oak_crib": {
    "criteria": {
      "has_oak_planks": "2025-08-14 03:55:51 +0000"
    },
    "done": true
  },
  "minecraft:recipes/redstone/oak_pressure_plate": {
    "criteria": {
      "has_planks": "2025-08-14 03:55:51 +0000"
    },
    "done": true
  },
  "cuisinedelight:recipes/misc/plate_from_planks_stonecutting": {
    "criteria": {
      "has_planks": "2025-08-14 03:55:51 +0000"
    },
    "done": true
  },
  "mca:recipes/decorations/black_oak_crib": {
    "criteria": {
      "has_oak_planks": "2025-08-14 03:55:51 +0000"
    },
    "done": true
  },
  "mca:recipes/decorations/pink_oak_crib": {
    "criteria": {
      "has_oak_planks": "2025-08-14 03:55:51 +0000"
    },
    "done": true
  },
  "mca:recipes/decorations/orange_oak_crib": {
    "criteria": {
      "has_oak_planks": "2025-08-14 03:55:51 +0000"
    },
    "done": true
  },
  "mca:recipes/decorations/brown_oak_crib": {
    "criteria": {
      "has_oak_planks": "2025-08-14 03:55:51 +0000"
    },
    "done": true
  },
  "mca:recipes/decorations/yellow_oak_crib": {
    "criteria": {
      "has_oak_planks": "2025-08-14 03:55:51 +0000"
    },
    "done": true
  },
  "supplementaries:recipes/pulley": {
    "criteria": {
      "minecraft:planks": "2025-08-14 03:55:51 +0000"
    },
    "done": true
  },
  "mca:recipes/decorations/light_blue_oak_crib": {
    "criteria": {
      "has_oak_planks": "2025-08-14 03:55:51 +0000"
    },
    "done": true
  },
  "mca:recipes/decorations/gray_oak_crib": {
    "criteria": {
      "has_oak_planks": "2025-08-14 03:55:51 +0000"
    },
    "done": true
  },
  "minecraft:recipes/decorations/ladder": {
    "criteria": {
      "has_stick": "2025-08-14 03:55:58 +0000"
    },
    "done": true
  },
  "tconstruct:recipes/misc/tables/pattern": {
    "criteria": {
      "has_item": "2025-08-14 03:55:58 +0000"
    },
    "done": true
  },
  "supplementaries:recipes/crank": {
    "criteria": {
      "forge:rods/wooden": "2025-08-14 03:55:58 +0000"
    },
    "done": true
  },
  "supplementaries:recipes/flags/flag_orange": {
    "criteria": {
      "has_stick": "2025-08-14 03:55:58 +0000"
    },
    "done": true
  },
  "supplementaries:recipes/flags/flag_magenta": {
    "criteria": {
      "has_stick": "2025-08-14 03:55:58 +0000"
    },
    "done": true
  },
  "minecraft:recipes/tools/wooden_axe": {
    "criteria": {
      "has_stick": "2025-08-14 03:55:58 +0000"
    },
    "done": true
  },
  "supplementaries:recipes/daub_cross_brace": {
    "criteria": {
      "forge:rods/wooden": "2025-08-14 03:55:58 +0000"
    },
    "done": true
  },
  "supplementaries:recipes/flags/flag_pink": {
    "criteria": {
      "has_stick": "2025-08-14 03:55:58 +0000"
    },
    "done": true
  },
  "minecraft:recipes/decorations/campfire": {
    "criteria": {
      "has_stick": "2025-08-14 03:55:58 +0000"
    },
    "done": true
  },
  "supplementaries:recipes/timber_frame": {
    "criteria": {
      "forge:rods/wooden": "2025-08-14 03:55:58 +0000"
    },
    "done": true
  },
  "minecraft:recipes/tools/wooden_hoe": {
    "criteria": {
      "has_stick": "2025-08-14 03:55:58 +0000"
    },
    "done": true
  },
  "supplementaries:recipes/timber_brace": {
    "criteria": {
      "forge:rods/wooden": "2025-08-14 03:55:58 +0000"
    },
    "done": true
  },
  "minecraft:recipes/tools/wooden_shovel": {
    "criteria": {
      "has_stick": "2025-08-14 03:55:58 +0000"
    },
    "done": true
  },
  "paraglider:recipes/misc/paraglider": {
    "criteria": {
      "has_stick": "2025-08-14 03:55:58 +0000"
    },
    "done": true
  },
  "supplementaries:recipes/flags/flag_black": {
    "criteria": {
      "has_stick": "2025-08-14 03:55:58 +0000"
    },
    "done": true
  },
  "minecraft:recipes/combat/wooden_sword": {
    "criteria": {
      "has_stick": "2025-08-14 03:55:58 +0000"
    },
    "done": true
  },
  "supplementaries:recipes/flags/flag_green": {
    "criteria": {
      "has_stick": "2025-08-14 03:55:58 +0000"
    },
    "done": true
  },
  "supplementaries:recipes/flags/flag_purple": {
    "criteria": {
      "has_stick": "2025-08-14 03:55:58 +0000"
    },
    "done": true
  },
  "supplementaries:recipes/flags/flag_white": {
    "criteria": {
      "has_stick": "2025-08-14 03:55:58 +0000"
    },
    "done": true
  },
  "supplementaries:recipes/timber_cross_brace": {
    "criteria": {
      "forge:rods/wooden": "2025-08-14 03:55:58 +0000"
    },
    "done": true
  },
  "supplementaries:recipes/flags/flag_brown": {
    "criteria": {
      "has_stick": "2025-08-14 03:55:58 +0000"
    },
    "done": true
  },
  "supplementaries:recipes/flags/flag_gray": {
    "criteria": {
      "has_stick": "2025-08-14 03:55:58 +0000"
    },
    "done": true
  },
  "farmersdelight:recipes/combat/flint_knife": {
    "criteria": {
      "has_stick": "2025-08-14 03:55:58 +0000"
    },
    "done": true
  },
  "supplementaries:recipes/faucet": {
    "criteria": {
      "forge:rods/wooden": "2025-08-14 03:55:58 +0000"
    },
    "done": true
  },
  "supplementaries:recipes/flags/flag_light_blue": {
    "criteria": {
      "has_stick": "2025-08-14 03:55:58 +0000"
    },
    "done": true
  },
  "sawmill:recipes/sawmill": {
    "criteria": {
      "has_sticks": "2025-08-14 03:55:58 +0000"
    },
    "done": true
  },
  "supplementaries:recipes/daub_brace": {
    "criteria": {
      "forge:rods/wooden": "2025-08-14 03:55:58 +0000"
    },
    "done": true
  },
  "supplementaries:recipes/flags/flag_blue": {
    "criteria": {
      "has_stick": "2025-08-14 03:55:58 +0000"
    },
    "done": true
  },
  "supplementaries:recipes/daub_frame": {
    "criteria": {
      "forge:rods/wooden": "2025-08-14 03:55:58 +0000"
    },
    "done": true
  },
  "minecraft:recipes/tools/wooden_pickaxe": {
    "criteria": {
      "has_stick": "2025-08-14 03:55:58 +0000"
    },
    "done": true
  },
  "supplementaries:recipes/flags/flag_cyan": {
    "criteria": {
      "has_stick": "2025-08-14 03:55:58 +0000"
    },
    "done": true
  },
  "supplementaries:recipes/flags/flag_yellow": {
    "criteria": {
      "has_stick": "2025-08-14 03:55:58 +0000"
    },
    "done": true
  },
  "supplementaries:recipes/flags/flag_light_gray": {
    "criteria": {
      "has_stick": "2025-08-14 03:55:58 +0000"
    },
    "done": true
  },
  "supplementaries:recipes/flags/flag_red": {
    "criteria": {
      "has_stick": "2025-08-14 03:55:58 +0000"
    },
    "done": true
  },
  "farmersdelight:recipes/decorations/cutting_board": {
    "criteria": {
      "has_stick": "2025-08-14 03:55:58 +0000"
    },
    "done": true
  },
  "supplementaries:recipes/flags/flag_lime": {
    "criteria": {
      "has_stick": "2025-08-14 03:55:58 +0000"
    },
    "done": true
  },
  "paraglider:root": {
    "criteria": {
      "crafting_table": "2025-08-14 03:56:47 +0000"
    },
    "done": true
  },
  "minecraft:story/root": {
    "criteria": {
      "crafting_table": "2025-08-14 03:56:47 +0000"
    },
    "done": true
  },
  "minecraft:recipes/misc/iron_nugget_from_smelting": {
    "criteria": {
      "has_iron_pickaxe": "2025-08-14 03:58:14 +0000"
    },
    "done": true
  },
  "minecraft:story/iron_tools": {
    "criteria": {
      "iron_pickaxe": "2025-08-14 03:58:14 +0000"
    },
    "done": true
  },
  "minecraft:recipes/misc/iron_nugget_from_blasting": {
    "criteria": {
      "has_iron_pickaxe": "2025-08-14 03:58:14 +0000"
    },
    "done": true
  },
  "ironchest:recipes/decorations/chests/vanilla_dirt_chest": {
    "criteria": {
      "has_iron_ingot": "2025-08-14 15:31:06 +0000"
    },
    "done": true
  },
  "supplementaries:recipes/flower_box": {
    "criteria": {
      "has_dirt": "2025-08-14 15:31:06 +0000"
    },
    "done": true
  },
  "incendium:root": {
    "criteria": {
      "requirement": "2025-08-14 15:33:56 +0000"
    },
    "done": true
  },
  "minecraft:story/enter_the_nether": {
    "criteria": {
      "entered_nether": "2025-08-14 15:33:56 +0000"
    },
    "done": true
  },
  "minecraft:nether/root": {
    "criteria": {
      "entered_nether": "2025-08-14 15:33:56 +0000"
    },
    "done": true
  },
  "supplementaries:recipes/sconce": {
    "criteria": {
      "has_torch": "2025-08-14 15:54:47 +0000"
    },
    "done": true
  },
  "sophisticatedbackpacks:recipes/misc/netherite_backpack": {
    "criteria": {
      "has_diamond_backpack": "2025-08-14 15:54:54 +0000"
    },
    "done": true
  },
  "minecraft:recipes/food/cooked_mutton_from_smoking": {
    "criteria": {
      "has_mutton": "2025-08-14 16:44:03 +0000"
    },
    "done": true
  },
  "minecraft:recipes/decorations/white_bed": {
    "criteria": {
      "has_white_wool": "2025-08-14 16:44:03 +0000"
    },
    "done": true
  },
  "minecraft:recipes/decorations/painting": {
    "criteria": {
      "has_wool": "2025-08-14 16:44:03 +0000"
    },
    "done": true
  },
  "minecraft:recipes/decorations/white_carpet": {
    "criteria": {
      "has_white_wool": "2025-08-14 16:44:03 +0000"
    },
    "done": true
  },
  "minecraft:recipes/food/cooked_mutton": {
    "criteria": {
      "has_mutton": "2025-08-14 16:44:03 +0000"
    },
    "done": true
  },
  "minecraft:recipes/decorations/white_banner": {
    "criteria": {
      "has_white_wool": "2025-08-14 16:44:03 +0000"
    },
    "done": true
  },
  "minecraft:recipes/food/cooked_mutton_from_campfire_cooking": {
    "criteria": {
      "has_mutton": "2025-08-14 16:44:03 +0000"
    },
    "done": true
  },
  "farmersdelight:recipes/cooking/pasta_with_mutton_chop": {
    "criteria": {
      "has_any_ingredient": "2025-08-14 16:44:03 +0000"
    },
    "done": true
  },
  "minecraft:nether/explore_nether": {
    "criteria": {
      "minecraft:nether_wastes": "2025-08-14 16:54:52 +0000",
      "minecraft:basalt_deltas": "2025-08-14 16:53:54 +0000"
    },
    "done": false
  },
  "minecraft:recipes/misc/nether_brick": {
    "criteria": {
      "has_netherrack": "2025-08-14 16:54:11 +0000"
    },
    "done": true
  },
  "incendium:misc/root": {
    "criteria": {
      "incendium:inverted_forest": "2025-08-14 16:54:45 +0000"
    },
    "done": true
  },
  "incendium:misc/soul_searcher": {
    "criteria": {
      "incendium:weeping_valley": "2025-08-14 17:07:17 +0000",
      "incendium:quartz_flats": "2025-08-14 16:56:11 +0000",
      "incendium:inverted_forest": "2025-08-14 16:54:45 +0000",
      "incendium:toxic_heap": "2025-08-14 17:04:51 +0000"
    },
    "done": false
  },
  "minecraft:nether/find_bastion": {
    "criteria": {
      "bastion": "2025-08-14 16:55:11 +0000"
    },
    "done": true
  },
  "ironchest:recipes/decorations/upgrades/wood_to_iron_chest_upgrade": {
    "criteria": {
      "has_iron_ingot": "2025-08-14 16:55:17 +0000"
    },
    "done": true
  },
  "supplementaries:recipes/candle_holders/candle_holder_blue": {
    "criteria": {
      "has_iron_ingot": "2025-08-14 16:55:17 +0000"
    },
    "done": true
  },
  "minecraft:recipes/combat/iron_helmet": {
    "criteria": {
      "has_iron_ingot": "2025-08-14 16:55:17 +0000"
    },
    "done": true
  },
  "supplementaries:recipes/candle_holders/candle_holder_lime": {
    "criteria": {
      "has_iron_ingot": "2025-08-14 16:55:17 +0000"
    },
    "done": true
  },
  "supplementaries:recipes/candle_holders/candle_holder_light_blue": {
    "criteria": {
      "has_iron_ingot": "2025-08-14 16:55:17 +0000"
    },
    "done": true
  },
  "supplementaries:recipes/candle_holders/candle_holder_gray": {
    "criteria": {
      "has_iron_ingot": "2025-08-14 16:55:17 +0000"
    },
    "done": true
  },
  "ironchest:recipes/decorations/chests/copper_iron_chest": {
    "criteria": {
      "has_iron_ingot": "2025-08-14 16:55:17 +0000"
    },
    "done": true
  },
  "minecraft:story/shiny_gear": {
    "criteria": {
      "diamond_boots": "2025-08-14 16:55:17 +0000"
    },
    "done": true
  },
  "minecraft:recipes/tools/shears": {
    "criteria": {
      "has_iron_ingot": "2025-08-14 16:55:17 +0000"
    },
    "done": true
  },
  "supplementaries:recipes/cage": {
    "criteria": {
      "has_iron_ingot": "2025-08-14 16:55:17 +0000"
    },
    "done": true
  },
  "minecraft:recipes/building_blocks/iron_block": {
    "criteria": {
      "has_iron_ingot": "2025-08-14 16:55:17 +0000"
    },
    "done": true
  },
  "farmersdelight:recipes/decorations/cooking_pot": {
    "criteria": {
      "has_iron_ingot": "2025-08-14 16:55:17 +0000"
    },
    "done": true
  },
  "supplementaries:recipes/candle_holders/candle_holder_light_gray": {
    "criteria": {
      "has_iron_ingot": "2025-08-14 16:55:17 +0000"
    },
    "done": true
  },
  "tconstruct:recipes/decorations/common/iron_platform": {
    "criteria": {
      "has_bars": "2025-08-14 16:55:17 +0000"
    },
    "done": true
  },
  "minecraft:recipes/redstone/hopper": {
    "criteria": {
      "has_iron_ingot": "2025-08-14 16:55:17 +0000"
    },
    "done": true
  },
  "supplementaries:recipes/candle_holders/candle_holder_orange": {
    "criteria": {
      "has_iron_ingot": "2025-08-14 16:55:17 +0000"
    },
    "done": true
  },
  "supplementaries:recipes/candle_holders/candle_holder_purple": {
    "criteria": {
      "has_iron_ingot": "2025-08-14 16:55:17 +0000"
    },
    "done": true
  },
  "mca:recipes/misc/comb": {
    "criteria": {
      "has_item": "2025-08-14 16:55:17 +0000"
    },
    "done": true
  },
  "minecraft:recipes/combat/iron_boots": {
    "criteria": {
      "has_iron_ingot": "2025-08-14 16:55:17 +0000"
    },
    "done": true
  },
  "minecraft:recipes/decorations/lantern": {
    "criteria": {
      "has_iron_ingot": "2025-08-14 16:55:17 +0000"
    },
    "done": true
  },
  "supplementaries:recipes/candle_holders/candle_holder_red": {
    "criteria": {
      "has_iron_ingot": "2025-08-14 16:55:17 +0000"
    },
    "done": true
  },
  "minecraft:recipes/tools/iron_shovel": {
    "criteria": {
      "has_iron_ingot": "2025-08-14 16:55:17 +0000"
    },
    "done": true
  },
  "supplementaries:recipes/bubble_blower": {
    "criteria": {
      "has_iron_ingot": "2025-08-14 16:55:17 +0000"
    },
    "done": true
  },
  "ironchest:recipes/decorations/upgrades/copper_to_iron_chest_upgrade": {
    "criteria": {
      "has_iron_ingot": "2025-08-14 16:55:17 +0000"
    },
    "done": true
  },
  "ironchest:recipes/decorations/chests/vanilla_iron_chest": {
    "criteria": {
      "has_iron_ingot": "2025-08-14 16:55:17 +0000"
    },
    "done": true
  },
  "minecraft:recipes/redstone/iron_trapdoor": {
    "criteria": {
      "has_iron_ingot": "2025-08-14 16:55:17 +0000"
    },
    "done": true
  },
  "skilltree:recipes/combat/armored_quiver": {
    "criteria": {
      "has_ingots_iron": "2025-08-14 16:55:17 +0000"
    },
    "done": true
  },
  "farmersdelight:recipes/combat/iron_knife": {
    "criteria": {
      "has_iron_ingot": "2025-08-14 16:55:17 +0000"
    },
    "done": true
  },
  "supplementaries:recipes/candle_holders/candle_holder_magenta": {
    "criteria": {
      "has_iron_ingot": "2025-08-14 16:55:17 +0000"
    },
    "done": true
  },
  "minecraft:recipes/redstone/heavy_weighted_pressure_plate": {
    "criteria": {
      "has_iron_ingot": "2025-08-14 16:55:17 +0000"
    },
    "done": true
  },
  "minecraft:recipes/combat/iron_leggings": {
    "criteria": {
      "has_iron_ingot": "2025-08-14 16:55:17 +0000"
    },
    "done": true
  },
  "minecraft:recipes/combat/iron_chestplate": {
    "criteria": {
      "has_iron_ingot": "2025-08-14 16:55:17 +0000"
    },
    "done": true
  },
  "minecraft:recipes/misc/iron_nugget": {
    "criteria": {
      "has_iron_ingot": "2025-08-14 16:55:17 +0000"
    },
    "done": true
  },
  "minecraft:recipes/misc/bucket": {
    "criteria": {
      "has_iron_ingot": "2025-08-14 16:55:17 +0000"
    },
    "done": true
  },
  "minecraft:recipes/transportation/minecart": {
    "criteria": {
      "has_iron_ingot": "2025-08-14 16:55:17 +0000"
    },
    "done": true
  },
  "minecraft:recipes/tools/iron_hoe": {
    "criteria": {
      "has_iron_ingot": "2025-08-14 16:55:17 +0000"
    },
    "done": true
  },
  "supplementaries:recipes/candle_holders/candle_holder_pink": {
    "criteria": {
      "has_iron_ingot": "2025-08-14 16:55:17 +0000"
    },
    "done": true
  },
  "minecraft:story/smelt_iron": {
    "criteria": {
      "iron": "2025-08-14 16:55:17 +0000"
    },
    "done": true
  },
  "supplementaries:recipes/candle_holders/candle_holder_white": {
    "criteria": {
      "has_iron_ingot": "2025-08-14 16:55:17 +0000"
    },
    "done": true
  },
  "minecraft:recipes/decorations/chain": {
    "criteria": {
      "has_iron_ingot": "2025-08-14 16:55:17 +0000"
    },
    "done": true
  },
  "minecraft:recipes/decorations/smithing_table": {
    "criteria": {
      "has_iron_ingot": "2025-08-14 16:55:17 +0000"
    },
    "done": true
  },
  "mca:recipes/misc/whistle": {
    "criteria": {
      "has_item": "2025-08-14 16:55:17 +0000"
    },
    "done": true
  },
  "supplementaries:recipes/candle_holders/candle_holder_brown": {
    "criteria": {
      "has_iron_ingot": "2025-08-14 16:55:17 +0000"
    },
    "done": true
  },
  "supplementaries:recipes/goblet": {
    "criteria": {
      "has_iron_ingot": "2025-08-14 16:55:17 +0000"
    },
    "done": true
  },
  "minecraft:recipes/combat/iron_sword": {
    "criteria": {
      "has_iron_ingot": "2025-08-14 16:55:17 +0000"
    },
    "done": true
  },
  "minecraft:recipes/tools/iron_pickaxe": {
    "criteria": {
      "has_iron_ingot": "2025-08-14 16:55:17 +0000"
    },
    "done": true
  },
  "supplementaries:recipes/iron_gate": {
    "criteria": {
      "has_iron_ingot": "2025-08-14 16:55:17 +0000"
    },
    "done": true
  },
  "minecraft:recipes/combat/shield": {
    "criteria": {
      "has_iron_ingot": "2025-08-14 16:55:17 +0000"
    },
    "done": true
  },
  "minecraft:recipes/decorations/iron_bars": {
    "criteria": {
      "has_iron_ingot": "2025-08-14 16:55:17 +0000"
    },
    "done": true
  },
  "supplementaries:recipes/candle_holders/candle_holder_black": {
    "criteria": {
      "has_iron_ingot": "2025-08-14 16:55:17 +0000"
    },
    "done": true
  },
  "supplementaries:recipes/candle_holders/candle_holder_green": {
    "criteria": {
      "has_iron_ingot": "2025-08-14 16:55:17 +0000"
    },
    "done": true
  },
  "supplementaries:recipes/candle_holders/candle_holder": {
    "criteria": {
      "has_iron_ingot": "2025-08-14 16:55:17 +0000"
    },
    "done": true
  },
  "ironchest:recipes/decorations/upgrades/iron_to_gold_chest_upgrade": {
    "criteria": {
      "has_iron_ingot": "2025-08-14 16:55:17 +0000"
    },
    "done": true
  },
  "supplementaries:recipes/candle_holders/candle_holder_cyan": {
    "criteria": {
      "has_iron_ingot": "2025-08-14 16:55:17 +0000"
    },
    "done": true
  },
  "minecraft:recipes/tools/iron_axe": {
    "criteria": {
      "has_iron_ingot": "2025-08-14 16:55:17 +0000"
    },
    "done": true
  },
  "artifacts:amateur_archaeologist": {
    "criteria": {
      "find_artifact": "2025-08-14 16:55:17 +0000"
    },
    "done": true
  },
  "cuisinedelight:recipes/misc/spatula_from_iron_ingot_stonecutting": {
    "criteria": {
      "has_iron_ingot": "2025-08-14 16:55:17 +0000"
    },
    "done": true
  },
  "advancednetherite:recipes/misc/netherite_iron_ingot": {
    "criteria": {
      "has_TagKey[minecraft:item / forge:ingots/iron]": "2025-08-14 16:55:17 +0000"
    },
    "done": true
  },
  "supplementaries:recipes/candle_holders/candle_holder_yellow": {
    "criteria": {
      "has_iron_ingot": "2025-08-14 16:55:17 +0000"
    },
    "done": true
  },
  "minecraft:recipes/redstone/iron_door": {
    "criteria": {
      "has_iron_ingot": "2025-08-14 16:55:17 +0000"
    },
    "done": true
  },
  "minecraft:story/mine_stone": {
    "criteria": {
      "get_stone": "2025-08-14 16:55:19 +0000"
    },
    "done": true
  },
  "minecraft:recipes/decorations/furnace": {
    "criteria": {
      "has_cobblestone": "2025-08-14 16:55:19 +0000"
    },
    "done": true
  },
  "minecraft:recipes/decorations/blackstone_wall": {
    "criteria": {
      "has_blackstone": "2025-08-14 16:55:19 +0000"
    },
    "done": true
  },
  "minecraft:recipes/building_blocks/polished_blackstone_brick_stairs_from_blackstone_stonecutting": {
    "criteria": {
      "has_blackstone": "2025-08-14 16:55:19 +0000"
    },
    "done": true
  },
  "supplementaries:recipes/blackstone_lamp": {
    "criteria": {
      "has_blackstone": "2025-08-14 16:55:19 +0000"
    },
    "done": true
  },
  "minecraft:recipes/building_blocks/polished_blackstone_bricks_from_blackstone_stonecutting": {
    "criteria": {
      "has_blackstone": "2025-08-14 16:55:19 +0000"
    },
    "done": true
  },
  "minecraft:recipes/building_blocks/polished_blackstone_stairs_from_blackstone_stonecutting": {
    "criteria": {
      "has_blackstone": "2025-08-14 16:55:19 +0000"
    },
    "done": true
  },
  "minecraft:recipes/building_blocks/blackstone_stairs": {
    "criteria": {
      "has_blackstone": "2025-08-14 16:55:19 +0000"
    },
    "done": true
  },
  "minecraft:recipes/building_blocks/polished_blackstone_slab_from_blackstone_stonecutting": {
    "criteria": {
      "has_blackstone": "2025-08-14 16:55:19 +0000"
    },
    "done": true
  },
  "minecraft:recipes/tools/stone_pickaxe": {
    "criteria": {
      "has_cobblestone": "2025-08-14 16:55:19 +0000"
    },
    "done": true
  },
  "minecraft:recipes/building_blocks/blackstone_slab": {
    "criteria": {
      "has_blackstone": "2025-08-14 16:55:19 +0000"
    },
    "done": true
  },
  "minecraft:recipes/building_blocks/polished_blackstone_brick_slab_from_blackstone_stonecutting": {
    "criteria": {
      "has_blackstone": "2025-08-14 16:55:19 +0000"
    },
    "done": true
  },
  "minecraft:recipes/tools/stone_shovel": {
    "criteria": {
      "has_cobblestone": "2025-08-14 16:55:19 +0000"
    },
    "done": true
  },
  "minecraft:recipes/redstone/lever": {
    "criteria": {
      "has_cobblestone": "2025-08-14 16:55:19 +0000"
    },
    "done": true
  },
  "minecraft:recipes/decorations/polished_blackstone_brick_wall_from_blackstone_stonecutting": {
    "criteria": {
      "has_blackstone": "2025-08-14 16:55:19 +0000"
    },
    "done": true
  },
  "minecraft:recipes/combat/stone_sword": {
    "criteria": {
      "has_cobblestone": "2025-08-14 16:55:19 +0000"
    },
    "done": true
  },
  "minecraft:recipes/tools/stone_axe": {
    "criteria": {
      "has_cobblestone": "2025-08-14 16:55:19 +0000"
    },
    "done": true
  },
  "supplementaries:recipes/checker": {
    "criteria": {
      "has_blackstone": "2025-08-14 16:55:19 +0000"
    },
    "done": true
  },
  "biomesoplenty:recipes/decorations/blackstone_bulb": {
    "criteria": {
      "has_blackstone": "2025-08-14 16:55:19 +0000"
    },
    "done": true
  },
  "supplementaries:recipes/blackboard": {
    "criteria": {
      "has_blackstone": "2025-08-14 16:55:19 +0000"
    },
    "done": true
  },
  "minecraft:recipes/decorations/polished_blackstone_wall_from_blackstone_stonecutting": {
    "criteria": {
      "has_blackstone": "2025-08-14 16:55:19 +0000"
    },
    "done": true
  },
  "minecraft:recipes/building_blocks/chiseled_polished_blackstone_from_blackstone_stonecutting": {
    "criteria": {
      "has_blackstone": "2025-08-14 16:55:19 +0000"
    },
    "done": true
  },
  "biomesoplenty:recipes/decorations/blackstone_spines": {
    "criteria": {
      "has_blackstone": "2025-08-14 16:55:19 +0000"
    },
    "done": true
  },
  "minecraft:recipes/building_blocks/blackstone_slab_from_blackstone_stonecutting": {
    "criteria": {
      "has_blackstone": "2025-08-14 16:55:19 +0000"
    },
    "done": true
  },
  "minecraft:recipes/building_blocks/polished_blackstone": {
    "criteria": {
      "has_blackstone": "2025-08-14 16:55:19 +0000"
    },
    "done": true
  },
  "minecraft:recipes/building_blocks/polished_blackstone_from_blackstone_stonecutting": {
    "criteria": {
      "has_blackstone": "2025-08-14 16:55:19 +0000"
    },
    "done": true
  },
  "minecraft:recipes/decorations/blackstone_wall_from_blackstone_stonecutting": {
    "criteria": {
      "has_blackstone": "2025-08-14 16:55:19 +0000"
    },
    "done": true
  },
  "minecraft:recipes/tools/stone_hoe": {
    "criteria": {
      "has_cobblestone": "2025-08-14 16:55:19 +0000"
    },
    "done": true
  },
  "minecraft:recipes/building_blocks/blackstone_stairs_from_blackstone_stonecutting": {
    "criteria": {
      "has_blackstone": "2025-08-14 16:55:19 +0000"
    },
    "done": true
  },
  "biomesoplenty:recipes/decorations/blackstone_spines_from_blackstone_stonecutting": {
    "criteria": {
      "has_blackstone": "2025-08-14 16:55:19 +0000"
    },
    "done": true
  },
  "minecraft:recipes/misc/netherite_upgrade_smithing_template": {
    "criteria": {
      "has_netherite_upgrade_smithing_template": "2025-08-14 16:55:24 +0000"
    },
    "done": true
  },
  "endrem:main/root": {
    "criteria": {
      "cursed_eye": "2025-08-14 16:55:24 +0000"
    },
    "done": true
  },
  "endrem:main/cursed_eye": {
    "criteria": {
      "cursed_eye": "2025-08-14 16:55:24 +0000"
    },
    "done": true
  },
  "incendium:quartz_flats/root": {
    "criteria": {
      "requirement": "2025-08-14 16:56:11 +0000"
    },
    "done": true
  },
  "incendium:quartz_flats/floor_is_tears": {
    "criteria": {
      "requirement": "2025-08-14 16:56:19 +0000"
    },
    "done": true
  },
  "incendium:quartz_flats/rescue_mission": {
    "criteria": {
      "requirement": "2025-08-14 16:56:21 +0000"
    },
    "done": true
  },
  "mca:recipes/decorations/orange_warped_crib": {
    "criteria": {
      "has_warped_planks": "2025-08-14 16:59:22 +0000"
    },
    "done": true
  },
  "mca:recipes/decorations/red_warped_crib": {
    "criteria": {
      "has_warped_planks": "2025-08-14 16:59:22 +0000"
    },
    "done": true
  },
  "mca:recipes/decorations/yellow_warped_crib": {
    "criteria": {
      "has_warped_planks": "2025-08-14 16:59:22 +0000"
    },
    "done": true
  },
  "mca:recipes/decorations/pink_warped_crib": {
    "criteria": {
      "has_warped_planks": "2025-08-14 16:59:22 +0000"
    },
    "done": true
  },
  "mca:recipes/decorations/gray_warped_crib": {
    "criteria": {
      "has_warped_planks": "2025-08-14 16:59:22 +0000"
    },
    "done": true
  },
  "supplementaries:recipes/sign_post_warped": {
    "criteria": {
      "has_the_recipe": "2025-08-14 16:59:22 +0000"
    },
    "done": true
  },
  "minecraft:recipes/redstone/warped_trapdoor": {
    "criteria": {
      "has_planks": "2025-08-14 16:59:22 +0000"
    },
    "done": true
  },
  "mca:recipes/decorations/lime_warped_crib": {
    "criteria": {
      "has_warped_planks": "2025-08-14 16:59:22 +0000"
    },
    "done": true
  },
  "minecraft:recipes/redstone/warped_pressure_plate": {
    "criteria": {
      "has_planks": "2025-08-14 16:59:22 +0000"
    },
    "done": true
  },
  "mca:recipes/decorations/white_warped_crib": {
    "criteria": {
      "has_warped_planks": "2025-08-14 16:59:22 +0000"
    },
    "done": true
  },
  "mca:recipes/decorations/brown_warped_crib": {
    "criteria": {
      "has_warped_planks": "2025-08-14 16:59:22 +0000"
    },
    "done": true
  },
  "minecraft:recipes/decorations/warped_fence": {
    "criteria": {
      "has_planks": "2025-08-14 16:59:22 +0000"
    },
    "done": true
  },
  "mca:recipes/decorations/purple_warped_crib": {
    "criteria": {
      "has_warped_planks": "2025-08-14 16:59:22 +0000"
    },
    "done": true
  },
  "mca:recipes/decorations/green_warped_crib": {
    "criteria": {
      "has_warped_planks": "2025-08-14 16:59:22 +0000"
    },
    "done": true
  },
  "supplementaries:recipes/decorations/sign_post_warped": {
    "criteria": {
      "has_item": "2025-08-14 16:59:22 +0000"
    },
    "done": true
  },
  "minecraft:recipes/redstone/warped_fence_gate": {
    "criteria": {
      "has_planks": "2025-08-14 16:59:22 +0000"
    },
    "done": true
  },
  "mca:recipes/decorations/light_blue_warped_crib": {
    "criteria": {
      "has_warped_planks": "2025-08-14 16:59:22 +0000"
    },
    "done": true
  },
  "mca:recipes/decorations/magenta_warped_crib": {
    "criteria": {
      "has_warped_planks": "2025-08-14 16:59:22 +0000"
    },
    "done": true
  },
  "mca:recipes/decorations/light_gray_warped_crib": {
    "criteria": {
      "has_warped_planks": "2025-08-14 16:59:22 +0000"
    },
    "done": true
  },
  "minecraft:recipes/redstone/warped_button": {
    "criteria": {
      "has_planks": "2025-08-14 16:59:22 +0000"
    },
    "done": true
  },
  "minecraft:recipes/building_blocks/warped_stairs": {
    "criteria": {
      "has_planks": "2025-08-14 16:59:22 +0000"
    },
    "done": true
  },
  "mca:recipes/decorations/black_warped_crib": {
    "criteria": {
      "has_warped_planks": "2025-08-14 16:59:22 +0000"
    },
    "done": true
  },
  "minecraft:recipes/decorations/warped_sign": {
    "criteria": {
      "has_planks": "2025-08-14 16:59:22 +0000"
    },
    "done": true
  },
  "mca:recipes/decorations/blue_warped_crib": {
    "criteria": {
      "has_warped_planks": "2025-08-14 16:59:22 +0000"
    },
    "done": true
  },
  "minecraft:recipes/redstone/warped_door": {
    "criteria": {
      "has_planks": "2025-08-14 16:59:22 +0000"
    },
    "done": true
  },
  "mca:recipes/decorations/cyan_warped_crib": {
    "criteria": {
      "has_warped_planks": "2025-08-14 16:59:22 +0000"
    },
    "done": true
  },
  "minecraft:recipes/building_blocks/warped_slab": {
    "criteria": {
      "has_planks": "2025-08-14 16:59:22 +0000"
    },
    "done": true
  },
  "incendium:quartz_flats/sanctum/root": {
    "criteria": {
      "requirement": "2025-08-14 17:01:59 +0000"
    },
    "done": true
  },
  "minecraft:nether/find_fortress": {
    "criteria": {
      "fortress": "2025-08-14 17:04:02 +0000"
    },
    "done": true
  },
  "minecraft:adventure/shoot_arrow": {
    "criteria": {
      "shot_arrow": "2025-08-14 17:04:06 +0000"
    },
    "done": true
  },
  "incendium:toxic_heap/root": {
    "criteria": {
      "requirement": "2025-08-14 17:04:51 +0000"
    },
    "done": true
  },
  "minecraft:recipes/combat/diamond_sword": {
    "criteria": {
      "has_diamond": "2025-08-14 17:06:02 +0000"
    },
    "done": true
  },
  "minecraft:recipes/decorations/jukebox": {
    "criteria": {
      "has_diamond": "2025-08-14 17:06:02 +0000"
    },
    "done": true
  },
  "minecraft:recipes/combat/diamond_chestplate": {
    "criteria": {
      "has_diamond": "2025-08-14 17:06:02 +0000"
    },
    "done": true
  },
  "minecraft:recipes/tools/diamond_pickaxe": {
    "criteria": {
      "has_diamond": "2025-08-14 17:06:02 +0000"
    },
    "done": true
  },
  "minecraft:recipes/tools/diamond_hoe": {
    "criteria": {
      "has_diamond": "2025-08-14 17:06:02 +0000"
    },
    "done": true
  },
  "minecraft:recipes/tools/diamond_shovel": {
    "criteria": {
      "has_diamond": "2025-08-14 17:06:02 +0000"
    },
    "done": true
  },
  "skilltree:recipes/combat/diamond_quiver": {
    "criteria": {
      "has_gems_diamond": "2025-08-14 17:06:02 +0000"
    },
    "done": true
  },
  "minecraft:recipes/combat/diamond_helmet": {
    "criteria": {
      "has_diamond": "2025-08-14 17:06:02 +0000"
    },
    "done": true
  },
  "advancednetherite:recipes/misc/netherite_diamond_ingot": {
    "criteria": {
      "has_TagKey[minecraft:item / forge:gems/diamond]": "2025-08-14 17:06:02 +0000"
    },
    "done": true
  },
  "tconstruct:recipes/decorations/gadgets/frame/diamond": {
    "criteria": {
      "has_item": "2025-08-14 17:06:02 +0000"
    },
    "done": true
  },
  "minecraft:recipes/building_blocks/diamond_block": {
    "criteria": {
      "has_diamond": "2025-08-14 17:06:02 +0000"
    },
    "done": true
  },
  "ironchest:recipes/decorations/chests/gold_diamond_chest": {
    "criteria": {
      "has_diamonds": "2025-08-14 17:06:02 +0000"
    },
    "done": true
  },
  "minecraft:story/mine_diamond": {
    "criteria": {
      "diamond": "2025-08-14 17:06:02 +0000"
    },
    "done": true
  },
  "farmersdelight:recipes/combat/diamond_knife": {
    "criteria": {
      "has_diamond": "2025-08-14 17:06:02 +0000"
    },
    "done": true
  },
  "minecraft:recipes/combat/diamond_leggings": {
    "criteria": {
      "has_diamond": "2025-08-14 17:06:02 +0000"
    },
    "done": true
  },
  "minecraft:recipes/combat/diamond_boots": {
    "criteria": {
      "has_diamond": "2025-08-14 17:06:02 +0000"
    },
    "done": true
  },
  "minecraft:recipes/tools/diamond_axe": {
    "criteria": {
      "has_diamond": "2025-08-14 17:06:02 +0000"
    },
    "done": true
  },
  "minecraft:nether/loot_bastion": {
    "criteria": {
      "loot_bastion_other": "2025-08-14 17:08:20 +0000"
    },
    "done": true
  },
  "minecraft:recipes/misc/snout_armor_trim_smithing_template": {
    "criteria": {
      "has_snout_armor_trim_smithing_template": "2025-08-14 17:08:24 +0000"
    },
    "done": true
  },
  "minecraft:recipes/misc/snout_armor_trim_smithing_template_smithing_trim": {
    "criteria": {
      "has_smithing_trim_template": "2025-08-14 17:08:24 +0000"
    },
    "done": true
  },
  "minecraft:recipes/misc/gold_nugget_from_blasting": {
    "criteria": {
      "has_golden_axe": "2025-08-14 17:08:35 +0000"
    },
    "done": true
  },
  "minecraft:recipes/misc/gold_nugget_from_smelting": {
    "criteria": {
      "has_golden_axe": "2025-08-14 17:08:35 +0000"
    },
    "done": true
  },
  "minecraft:story/enter_the_end": {
    "criteria": {
      "entered_end": "2025-08-14 17:10:17 +0000"
    },
    "done": true
  },
  "minecraft:end/root": {
    "criteria": {
      "entered_end": "2025-08-14 17:10:17 +0000"
    },
    "done": true
  },
  "minecraft:recipes/decorations/black_carpet": {
    "criteria": {
      "has_black_wool": "2025-08-14 17:25:07 +0000"
    },
    "done": true
  },
  "minecraft:recipes/decorations/black_bed": {
    "criteria": {
      "has_black_wool": "2025-08-14 17:25:07 +0000"
    },
    "done": true
  },
  "minecraft:recipes/decorations/black_banner": {
    "criteria": {
      "has_black_wool": "2025-08-14 17:25:07 +0000"
    },
    "done": true
  },
  "minecraft:recipes/decorations/pink_bed": {
    "criteria": {
      "has_pink_wool": "2025-08-14 17:25:08 +0000"
    },
    "done": true
  },
  "minecraft:recipes/decorations/pink_banner": {
    "criteria": {
      "has_pink_wool": "2025-08-14 17:25:08 +0000"
    },
    "done": true
  },
  "minecraft:recipes/decorations/pink_carpet": {
    "criteria": {
      "has_pink_wool": "2025-08-14 17:25:08 +0000"
    },
    "done": true
  },
  "biomesoplenty:recipes/misc/magenta_dye_from_wildflower": {
    "criteria": {
      "has_wildflower": "2025-08-14 17:36:26 +0000"
    },
    "done": true
  },
  "minecraft:recipes/building_blocks/light_blue_stained_glass": {
    "criteria": {
      "has_glass": "2025-08-14 17:40:35 +0000"
    },
    "done": true
  },
  "minecraft:recipes/building_blocks/orange_stained_glass": {
    "criteria": {
      "has_glass": "2025-08-14 17:40:35 +0000"
    },
    "done": true
  },
  "ironchest:recipes/decorations/upgrades/gold_to_diamond_chest_upgrade": {
    "criteria": {
      "has_glass": "2025-08-14 17:40:35 +0000"
    },
    "done": true
  },
  "minecraft:recipes/building_blocks/pink_stained_glass": {
    "criteria": {
      "has_glass": "2025-08-14 17:40:35 +0000"
    },
    "done": true
  },
  "minecraft:recipes/building_blocks/black_stained_glass": {
    "criteria": {
      "has_glass": "2025-08-14 17:40:35 +0000"
    },
    "done": true
  },
  "minecraft:recipes/building_blocks/gray_stained_glass": {
    "criteria": {
      "has_glass": "2025-08-14 17:40:35 +0000"
    },
    "done": true
  },
  "ironchest:recipes/decorations/upgrades/diamond_to_obsidian_chest_upgrade": {
    "criteria": {
      "has_glass": "2025-08-14 17:40:35 +0000"
    },
    "done": true
  },
  "minecraft:recipes/building_blocks/red_stained_glass": {
    "criteria": {
      "has_glass": "2025-08-14 17:40:35 +0000"
    },
    "done": true
  },
  "minecraft:recipes/building_blocks/light_gray_stained_glass": {
    "criteria": {
      "has_glass": "2025-08-14 17:40:35 +0000"
    },
    "done": true
  },
  "minecraft:recipes/building_blocks/cyan_stained_glass": {
    "criteria": {
      "has_glass": "2025-08-14 17:40:35 +0000"
    },
    "done": true
  },
  "ironchest:recipes/decorations/chests/diamond_crystal_chest": {
    "criteria": {
      "has_glass": "2025-08-14 17:40:35 +0000"
    },
    "done": true
  },
  "supplementaries:recipes/hourglass": {
    "criteria": {
      "has_glass": "2025-08-14 17:40:35 +0000"
    },
    "done": true
  },
  "minecraft:recipes/building_blocks/green_stained_glass": {
    "criteria": {
      "has_glass": "2025-08-14 17:40:35 +0000"
    },
    "done": true
  },
  "minecraft:recipes/building_blocks/brown_stained_glass": {
    "criteria": {
      "has_glass": "2025-08-14 17:40:35 +0000"
    },
    "done": true
  },
  "minecraft:recipes/building_blocks/blue_stained_glass": {
    "criteria": {
      "has_glass": "2025-08-14 17:40:35 +0000"
    },
    "done": true
  },
  "minecraft:recipes/building_blocks/lime_stained_glass": {
    "criteria": {
      "has_glass": "2025-08-14 17:40:35 +0000"
    },
    "done": true
  },
  "minecraft:recipes/decorations/glass_pane": {
    "criteria": {
      "has_glass": "2025-08-14 17:40:35 +0000"
    },
    "done": true
  },
  "minecraft:recipes/building_blocks/magenta_stained_glass": {
    "criteria": {
      "has_glass": "2025-08-14 17:40:35 +0000"
    },
    "done": true
  },
  "minecraft:recipes/building_blocks/white_stained_glass": {
    "criteria": {
      "has_glass": "2025-08-14 17:40:35 +0000"
    },
    "done": true
  },
  "ironchest:recipes/decorations/upgrades/diamond_to_crystal_chest_upgrade": {
    "criteria": {
      "has_glass": "2025-08-14 17:40:35 +0000"
    },
    "done": true
  },
  "minecraft:recipes/brewing/glass_bottle": {
    "criteria": {
      "has_glass": "2025-08-14 17:40:35 +0000"
    },
    "done": true
  },
  "minecraft:recipes/building_blocks/purple_stained_glass": {
    "criteria": {
      "has_glass": "2025-08-14 17:40:35 +0000"
    },
    "done": true
  },
  "minecraft:recipes/building_blocks/yellow_stained_glass": {
    "criteria": {
      "has_glass": "2025-08-14 17:40:35 +0000"
    },
    "done": true
  },
  "supplementaries:recipes/jar": {
    "criteria": {
      "has_glass": "2025-08-14 17:40:35 +0000"
    },
    "done": true
  },
  "tconstruct:recipes/brewing/common/glass/vanilla/glass_bottle": {
    "criteria": {
      "has_glass": "2025-08-14 17:40:35 +0000"
    },
    "done": true
  },
  "twilightforest:recipes/decorations/wood/birch_banister": {
    "criteria": {
      "has_item": "2025-08-14 17:41:17 +0000"
    },
    "done": true
  },
  "supplementaries:recipes/item_shelf": {
    "criteria": {
      "minecraft:wooden_slabs": "2025-08-14 17:41:17 +0000"
    },
    "done": true
  },
  "minecraft:recipes/decorations/composter": {
    "criteria": {
      "has_wood_slab": "2025-08-14 17:41:17 +0000"
    },
    "done": true
  },
  "supplementaries:recipes/bamboo_spikes": {
    "criteria": {
      "minecraft:wooden_slabs": "2025-08-14 17:41:17 +0000"
    },
    "done": true
  },
  "supplementaries:recipes/bellows": {
    "criteria": {
      "minecraft:wooden_slabs": "2025-08-14 17:41:17 +0000"
    },
    "done": true
  },
  "minecraft:recipes/misc/mojang_banner_pattern": {
    "criteria": {
      "has_enchanted_golden_apple": "2025-08-15 01:57:59 +0000"
    },
    "done": true
  },
  "minecraft:recipes/misc/gold_ingot_from_gold_block": {
    "criteria": {
      "has_gold_block": "2025-08-15 01:59:14 +0000"
    },
    "done": true
  },
  "biomesoplenty:recipes/building_blocks/maple_wood": {
    "criteria": {
      "has_log": "2025-08-15 02:04:17 +0000"
    },
    "done": true
  },
  "biomesoplenty:recipes/building_blocks/maple_planks": {
    "criteria": {
      "has_logs": "2025-08-15 02:04:17 +0000"
    },
    "done": true
  },
  "cuisinedelight:recipes/plate_cuisine/meat_fried_rice": {
    "criteria": {
      "has_cuisine_skillet": "2025-08-15 02:10:30 +0000"
    },
    "done": true
  },
  "cuisinedelight:recipes/plate_cuisine/seafood_platter": {
    "criteria": {
      "has_cuisine_skillet": "2025-08-15 02:10:30 +0000"
    },
    "done": true
  },
  "cuisinedelight:recipes/plate_cuisine/meat_with_seafood": {
    "criteria": {
      "has_cuisine_skillet": "2025-08-15 02:10:30 +0000"
    },
    "done": true
  },
  "cuisinedelight:recipes/plate_cuisine/seafood_with_vegetables": {
    "criteria": {
      "has_cuisine_skillet": "2025-08-15 02:10:30 +0000"
    },
    "done": true
  },
  "cuisinedelight:recipes/plate_cuisine/meat_pasta": {
    "criteria": {
      "has_cuisine_skillet": "2025-08-15 02:10:30 +0000"
    },
    "done": true
  },
  "cuisinedelight:recipes/plate_cuisine/fried_meat_and_melon": {
    "criteria": {
      "has_cuisine_skillet": "2025-08-15 02:10:30 +0000"
    },
    "done": true
  },
  "cuisinedelight:recipes/plate_cuisine/fried_rice": {
    "criteria": {
      "has_cuisine_skillet": "2025-08-15 02:10:30 +0000"
    },
    "done": true
  },
  "cuisinedelight:recipes/plate_cuisine/scrambled_egg_and_tomato": {
    "criteria": {
      "has_cuisine_skillet": "2025-08-15 02:10:30 +0000"
    },
    "done": true
  },
  "cuisinedelight:recipes/plate_cuisine/meat_with_vegetables": {
    "criteria": {
      "has_cuisine_skillet": "2025-08-15 02:10:30 +0000"
    },
    "done": true
  },
  "cuisinedelight:recipes/plate_cuisine/ham_fried_rice": {
    "criteria": {
      "has_cuisine_skillet": "2025-08-15 02:10:30 +0000"
    },
    "done": true
  },
  "cuisinedelight:recipes/plate_cuisine/seafood_fried_rice": {
    "criteria": {
      "has_cuisine_skillet": "2025-08-15 02:10:30 +0000"
    },
    "done": true
  },
  "cuisinedelight:recipes/plate_cuisine/vegetable_platter": {
    "criteria": {
      "has_cuisine_skillet": "2025-08-15 02:10:30 +0000"
    },
    "done": true
  },
  "cuisinedelight:recipes/plate_cuisine/fried_mushroom": {
    "criteria": {
      "has_cuisine_skillet": "2025-08-15 02:10:30 +0000"
    },
    "done": true
  },
  "cuisinedelight:recipes/plate_cuisine/fried_pasta": {
    "criteria": {
      "has_cuisine_skillet": "2025-08-15 02:10:30 +0000"
    },
    "done": true
  },
  "cuisinedelight:recipes/plate_cuisine/seafood_pasta": {
    "criteria": {
      "has_cuisine_skillet": "2025-08-15 02:10:30 +0000"
    },
    "done": true
  },
  "cuisinedelight:recipes/plate_cuisine/suspicious_mix": {
    "criteria": {
      "has_cuisine_skillet": "2025-08-15 02:10:30 +0000"
    },
    "done": true
  },
  "cuisinedelight:recipes/plate_cuisine/vegetable_pasta": {
    "criteria": {
      "has_cuisine_skillet": "2025-08-15 02:10:30 +0000"
    },
    "done": true
  },
  "cuisinedelight:recipes/plate_cuisine/mixed_fried_rice": {
    "criteria": {
      "has_cuisine_skillet": "2025-08-15 02:10:30 +0000"
    },
    "done": true
  },
  "cuisinedelight:recipes/plate_cuisine/vegetable_fried_rice": {
    "criteria": {
      "has_cuisine_skillet": "2025-08-15 02:10:30 +0000"
    },
    "done": true
  },
  "cuisinedelight:recipes/plate_cuisine/mixed_pasta": {
    "criteria": {
      "has_cuisine_skillet": "2025-08-15 02:10:30 +0000"
    },
    "done": true
  },
  "cuisinedelight:recipes/plate_cuisine/meat_platter": {
    "criteria": {
      "has_cuisine_skillet": "2025-08-15 02:10:30 +0000"
    },
    "done": true
  },
  "farmersdelight:main/craft_knife": {
    "criteria": {
      "iron_knife": "2025-08-15 02:31:09 +0000"
    },
    "done": true
  },
  "farmersdelight:recipes/misc/iron_nugget_from_blasting_knife": {
    "criteria": {
      "has_iron_knife": "2025-08-15 02:31:09 +0000"
    },
    "done": true
  },
  "farmersdelight:recipes/misc/iron_nugget_from_smelting_knife": {
    "criteria": {
      "has_iron_knife": "2025-08-15 02:31:09 +0000"
    },
    "done": true
  },
  "farmersdelight:recipes/decorations/stove": {
    "criteria": {
      "has_campfire": "2025-08-15 02:35:28 +0000"
    },
    "done": true
  },
  "minecraft:recipes/decorations/brick_wall": {
    "criteria": {
      "has_bricks": "2025-08-15 02:35:33 +0000"
    },
    "done": true
  },
  "minecraft:recipes/building_blocks/brick_stairs": {
    "criteria": {
      "has_bricks": "2025-08-15 02:35:33 +0000"
    },
    "done": true
  },
  "minecraft:recipes/building_blocks/brick_stairs_from_bricks_stonecutting": {
    "criteria": {
      "has_bricks": "2025-08-15 02:35:33 +0000"
    },
    "done": true
  },
  "minecraft:recipes/building_blocks/brick_slab": {
    "criteria": {
      "has_bricks": "2025-08-15 02:35:33 +0000"
    },
    "done": true
  },
  "minecraft:recipes/building_blocks/brick_slab_from_bricks_stonecutting": {
    "criteria": {
      "has_bricks": "2025-08-15 02:35:33 +0000"
    },
    "done": true
  },
  "minecraft:recipes/decorations/brick_wall_from_bricks_stonecutting": {
    "criteria": {
      "has_bricks": "2025-08-15 02:35:33 +0000"
    },
    "done": true
  },
  "farmersdelight:main/plant_all_crops": {
    "criteria": {
      "wheat": "2025-08-15 02:36:26 +0000"
    },
    "done": false
  },
  "minecraft:husbandry/plant_seed": {
    "criteria": {
      "wheat": "2025-08-15 02:36:26 +0000"
    },
    "done": true
  },
  "farmersdelight:recipes/food/fried_egg_from_campfire_cooking": {
    "criteria": {
      "fried_egg": "2025-08-15 02:40:28 +0000"
    },
    "done": true
  },
  "farmersdelight:recipes/cooking/baked_cod_stew": {
    "criteria": {
      "has_any_ingredient": "2025-08-15 02:40:28 +0000"
    },
    "done": true
  },
  "farmersdelight:recipes/food/fried_egg_from_smoking": {
    "criteria": {
      "fried_egg": "2025-08-15 02:40:28 +0000"
    },
    "done": true
  },
  "minecraft:recipes/food/cake": {
    "criteria": {
      "has_egg": "2025-08-15 02:40:28 +0000"
    },
    "done": true
  },
  "supplementaries:recipes/pancake_fd": {
    "criteria": {
      "forge:eggs": "2025-08-15 02:40:28 +0000"
    },
    "done": true
  },
  "farmersdelight:recipes/cooking/fried_rice": {
    "criteria": {
      "has_any_ingredient": "2025-08-15 02:40:28 +0000"
    },
    "done": true
  },
  "mca:recipes/misc/potions": {
    "criteria": {
      "has_item": "2025-08-15 02:40:28 +0000"
    },
    "done": true
  },
  "farmersdelight:recipes/food/fried_egg": {
    "criteria": {
      "fried_egg": "2025-08-15 02:40:28 +0000"
    },
    "done": true
  },
  "minecraft:recipes/misc/magenta_dye_from_blue_red_pink": {
    "criteria": {
      "has_pink_dye": "2025-08-15 02:47:56 +0000"
    },
    "done": true
  },
  "minecraft:recipes/decorations/pink_candle": {
    "criteria": {
      "has_pink_dye": "2025-08-15 02:47:56 +0000"
    },
    "done": true
  },
  "minecraft:recipes/building_blocks/dye_pink_bed": {
    "criteria": {
      "has_needed_dye": "2025-08-15 02:47:56 +0000"
    },
    "done": true
  },
  "minecraft:recipes/misc/magenta_dye_from_purple_and_pink": {
    "criteria": {
      "has_pink_dye": "2025-08-15 02:47:56 +0000"
    },
    "done": true
  },
  "minecraft:recipes/building_blocks/dye_pink_wool": {
    "criteria": {
      "has_needed_dye": "2025-08-15 02:47:56 +0000"
    },
    "done": true
  },
  "supplementaries:recipes/candle_holders/candle_holder_pink_dye": {
    "criteria": {
      "forge:dyes/pink": "2025-08-15 02:47:56 +0000"
    },
    "done": true
  },
  "minecraft:recipes/building_blocks/dye_pink_carpet": {
    "criteria": {
      "has_needed_dye": "2025-08-15 02:47:56 +0000"
    },
    "done": true
  },
  "minecraft:recipes/decorations/pink_stained_glass_pane_from_glass_pane": {
    "criteria": {
      "has_pink_dye": "2025-08-15 02:47:56 +0000"
    },
    "done": true
  },
  "minecraft:recipes/decorations/oak_hanging_sign": {
    "criteria": {
      "has_stripped_logs": "2025-08-15 02:53:18 +0000"
    },
    "done": true
  },
  "minecraft:recipes/building_blocks/stripped_oak_wood": {
    "criteria": {
      "has_log": "2025-08-15 02:53:18 +0000"
    },
    "done": true
  },
  "twilightforest:recipes/decorations/wood/oak_banister": {
    "criteria": {
      "has_item": "2025-08-15 02:53:20 +0000"
    },
    "done": true
  },
  "minecraft:recipes/building_blocks/red_concrete_powder": {
    "criteria": {
      "has_gravel": "2025-08-15 02:54:25 +0000"
    },
    "done": true
  },
  "minecraft:recipes/building_blocks/green_concrete_powder": {
    "criteria": {
      "has_gravel": "2025-08-15 02:54:25 +0000"
    },
    "done": true
  },
  "minecraft:recipes/building_blocks/blue_concrete_powder": {
    "criteria": {
      "has_gravel": "2025-08-15 02:54:25 +0000"
    },
    "done": true
  },
  "minecraft:recipes/building_blocks/lime_concrete_powder": {
    "criteria": {
      "has_gravel": "2025-08-15 02:54:25 +0000"
    },
    "done": true
  },
  "minecraft:recipes/building_blocks/orange_concrete_powder": {
    "criteria": {
      "has_gravel": "2025-08-15 02:54:25 +0000"
    },
    "done": true
  },
  "minecraft:recipes/building_blocks/magenta_concrete_powder": {
    "criteria": {
      "has_gravel": "2025-08-15 02:54:25 +0000"
    },
    "done": true
  },
  "minecraft:recipes/building_blocks/black_concrete_powder": {
    "criteria": {
      "has_gravel": "2025-08-15 02:54:25 +0000"
    },
    "done": true
  },
  "minecraft:recipes/building_blocks/purple_concrete_powder": {
    "criteria": {
      "has_gravel": "2025-08-15 02:54:25 +0000"
    },
    "done": true
  },
  "minecraft:recipes/building_blocks/cyan_concrete_powder": {
    "criteria": {
      "has_gravel": "2025-08-15 02:54:25 +0000"
    },
    "done": true
  },
  "minecraft:recipes/building_blocks/coarse_dirt": {
    "criteria": {
      "has_gravel": "2025-08-15 02:54:25 +0000"
    },
    "done": true
  },
  "minecraft:recipes/building_blocks/light_gray_concrete_powder": {
    "criteria": {
      "has_gravel": "2025-08-15 02:54:25 +0000"
    },
    "done": true
  },
  "minecraft:recipes/building_blocks/pink_concrete_powder": {
    "criteria": {
      "has_gravel": "2025-08-15 02:54:25 +0000"
    },
    "done": true
  },
  "minecraft:recipes/building_blocks/brown_concrete_powder": {
    "criteria": {
      "has_gravel": "2025-08-15 02:54:25 +0000"
    },
    "done": true
  },
  "minecraft:recipes/building_blocks/light_blue_concrete_powder": {
    "criteria": {
      "has_gravel": "2025-08-15 02:54:25 +0000"
    },
    "done": true
  },
  "minecraft:recipes/building_blocks/white_concrete_powder": {
    "criteria": {
      "has_gravel": "2025-08-15 02:54:25 +0000"
    },
    "done": true
  },
  "minecraft:recipes/building_blocks/yellow_concrete_powder": {
    "criteria": {
      "has_gravel": "2025-08-15 02:54:25 +0000"
    },
    "done": true
  },
  "minecraft:recipes/building_blocks/gray_concrete_powder": {
    "criteria": {
      "has_gravel": "2025-08-15 02:54:25 +0000"
    },
    "done": true
  },
  "tconstruct:recipes/misc/common/flint": {
    "criteria": {
      "has_item": "2025-08-15 02:54:25 +0000"
    },
    "done": true
  },
  "tconstruct:recipes/building_blocks/common/basalt_blast_furnace": {
    "criteria": {
      "has_smooth_stone": "2025-08-15 02:54:26 +0000"
    },
    "done": true
  },
  "biomesoplenty:recipes/misc/white_dye_from_tall_white_lavender": {
    "criteria": {
      "has_tall_white_lavender": "2025-08-15 02:55:02 +0000"
    },
    "done": true
  },
  "mca:recipes/misc/bouquet": {
    "criteria": {
      "has_item": "2025-08-15 02:55:03 +0000"
    },
    "done": true
  },
  "biomesoplenty:recipes/misc/white_dye_from_white_lavender": {
    "criteria": {
      "has_white_lavender": "2025-08-15 02:55:03 +0000"
    },
    "done": true
  },
  "mca:recipes/misc/family_tree": {
    "criteria": {
      "has_item": "2025-08-15 03:00:49 +0000"
    },
    "done": true
  },
  "paraglider:statues_bargain": {
    "criteria": {
      "bargain": "2025-08-15 03:30:27 +0000"
    },
    "done": true
  },
  "globalxp:recipes/misc/xp_block": {
    "criteria": {
      "has_emerald": "2025-08-15 03:30:27 +0000"
    },
    "done": true
  },
  "minecraft:recipes/building_blocks/emerald_block": {
    "criteria": {
      "has_emerald": "2025-08-15 03:30:27 +0000"
    },
    "done": true
  },
  "advancednetherite:recipes/misc/netherite_emerald_ingot": {
    "criteria": {
      "has_TagKey[minecraft:item / forge:gems/emerald]": "2025-08-15 03:30:27 +0000"
    },
    "done": true
  },
  "cataclysm:find_sunken_city": {
    "criteria": {
      "factory": "2025-08-15 03:34:42 +0000"
    },
    "done": true
  },
  "mowziesmobs:kill_bluff": {
    "criteria": {
      "bluff": "2025-08-15 03:44:15 +0000"
    },
    "done": true
  },
  "mowziesmobs:kill_umvuthi": {
    "criteria": {
      "barako": "2025-08-15 03:44:57 +0000"
    },
    "done": true
  },
  "mowziesmobs:suns_blessing": {
    "criteria": {
      "get_suns_blessing": "2025-08-15 03:46:37 +0000"
    },
    "done": true
  },
  "skilltree:recipes/combat/silent_quiver": {
    "criteria": {
      "has_feather": "2025-08-15 03:47:57 +0000"
    },
    "done": true
  },
  "supplementaries:recipes/feather_block": {
    "criteria": {
      "has_feather": "2025-08-15 03:47:57 +0000"
    },
    "done": true
  },
  "minecraft:recipes/combat/arrow": {
    "criteria": {
      "has_feather": "2025-08-15 03:47:57 +0000"
    },
    "done": true
  },
  "skilltree:recipes/misc/traveler_necklace": {
    "criteria": {
      "has_feather": "2025-08-15 03:47:57 +0000"
    },
    "done": true
  },
  "supplementaries:recipes/checker_slab": {
    "criteria": {
      "has_checker_block": "2025-08-15 04:33:23 +0000"
    },
    "done": true
  },
  "supplementaries:recipes/stonecutting/checker_slab": {
    "criteria": {
      "has_checker_block": "2025-08-15 04:33:23 +0000"
    },
    "done": true
  },
  "incendium:technical/sentrys_wrath": {
    "criteria": {
      "log_spam_fixer": "2025-08-15 04:59:42 +0000"
    },
    "done": false
  },
  "incendium:technical/on_player_hurt": {
    "criteria": {
      "log_spam_fixer": "2025-08-15 04:59:42 +0000"
    },
    "done": false
  },
  "incendium:technical/on_kill": {
    "criteria": {
      "log_spam_fixer": "2025-08-15 04:59:42 +0000"
    },
    "done": false
  },
  "incendium:technical/on_inventory_change": {
    "criteria": {
      "log_spam_fixer": "2025-08-15 04:59:42 +0000"
    },
    "done": false
  },
  "incendium:technical/holy_wrath": {
    "criteria": {
      "log_spam_fixer": "2025-08-15 04:59:42 +0000"
    },
    "done": false
  },
  "incendium:technical/on_block": {
    "criteria": {
      "log_spam_fixer": "2025-08-15 04:59:42 +0000"
    },
    "done": false
  },
  "incendium:technical/inventory/sentrys_wrath": {
    "criteria": {
      "log_spam_fixer": "2025-08-15 04:59:42 +0000"
    },
    "done": false
  },
  "incendium:technical/feed_ghastling": {
    "criteria": {
      "log_spam_fixer": "2025-08-15 04:59:42 +0000"
    },
    "done": false
  },
  "incendium:technical/firestorm": {
    "criteria": {
      "log_spam_fixer": "2025-08-15 04:59:42 +0000"
    },
    "done": false
  },
  "incendium:technical/inventory/firestorm": {
    "criteria": {
      "log_spam_fixer": "2025-08-15 04:59:42 +0000"
    },
    "done": false
  },
  "incendium:technical/give_ghastling": {
    "criteria": {
      "log_spam_fixer": "2025-08-15 04:59:42 +0000"
    },
    "done": false
  },
  "incendium:technical/multiplex_crossbow": {
    "criteria": {
      "log_spam_fixer": "2025-08-15 04:59:42 +0000"
    },
    "done": false
  },
  "DataVersion": 3465
}