{
  "tconstruct:tools/materials_and_you": {
    "criteria": {
      "crafted_book": "2025-07-25 02:27:59 +0000"
    },
    "done": true
  },
  "minecraft:recipes/decorations/crafting_table": {
    "criteria": {
      "unlock_right_away": "2025-07-25 02:27:59 +0000"
    },
    "done": true
  },
  "mowziesmobs:root": {
    "criteria": {
      "custom_test_name": "2025-07-25 02:27:59 +0000"
    },
    "done": true
  },
  "cataclysm:root": {
    "criteria": {
      "custom_test_name": "2025-07-25 02:27:59 +0000"
    },
    "done": true
  },
  "incendium:technical/new_player": {
    "criteria": {
      "requirement": "2025-07-25 02:27:59 +0000"
    },
    "done": true
  },
  "tconstruct:internal/starting_book": {
    "criteria": {
      "tick": "2025-07-25 02:27:59 +0000"
    },
    "done": true
  },
  "pizzadelight:root": {
    "criteria": {
      "tick": "2025-07-25 02:27:59 +0000"
    },
    "done": true
  },
  "farmersdelight:main/root": {
    "criteria": {
      "seeds": "2025-07-25 02:27:59 +0000"
    },
    "done": true
  },
  "incendium:technical/scroll_of_returning": {
    "criteria": {
      "log_spam_fixer": "2025-07-25 02:28:00 +0000"
    },
    "done": false
  },
  "incendium:technical/using/ragnarok": {
    "criteria": {
      "log_spam_fixer": "2025-07-25 02:28:00 +0000"
    },
    "done": false
  },
  "incendium:technical/using/trailblazer": {
    "criteria": {
      "log_spam_fixer": "2025-07-25 02:28:00 +0000"
    },
    "done": false
  },
  "minecraft:adventure/adventuring_time": {
    "criteria": {
      "minecraft:taiga": "2025-08-17 06:38:34 +0000",
      "minecraft:beach": "2025-08-17 07:10:53 +0000",
      "minecraft:river": "2025-08-15 03:43:55 +0000",
      "minecraft:stony_shore": "2025-08-17 06:50:53 +0000",
      "minecraft:lush_caves": "2025-08-15 02:52:53 +0000",
      "minecraft:plains": "2025-07-25 02:28:00 +0000"
    },
    "done": false
  },
  "incendium:technical/using/shield": {
    "criteria": {
      "log_spam_fixer": "2025-07-25 02:28:00 +0000"
    },
    "done": false
  },
  "minecraft:adventure/kill_all_mobs": {
    "criteria": {
      "minecraft:spider": "2025-07-27 03:06:36 +0000",
      "minecraft:slime": "2025-07-25 02:31:42 +0000",
      "minecraft:ender_dragon": "2025-08-14 02:30:23 +0000",
      "minecraft:zombie": "2025-07-27 02:52:14 +0000"
    },
    "done": false
  },
  "minecraft:adventure/root": {
    "criteria": {
      "killed_something": "2025-07-25 02:31:42 +0000"
    },
    "done": true
  },
  "minecraft:adventure/kill_a_mob": {
    "criteria": {
      "minecraft:slime": "2025-07-25 02:31:42 +0000"
    },
    "done": true
  },
  "supplementaries:recipes/soap": {
    "criteria": {
      "has_water_bucket": "2025-07-25 02:35:23 +0000"
    },
    "done": true
  },
  "minecraft:recipes/brewing/cauldron": {
    "criteria": {
      "has_water_bucket": "2025-07-25 02:35:23 +0000"
    },
    "done": true
  },
  "minecraft:story/lava_bucket": {
    "criteria": {
      "lava_bucket": "2025-07-25 02:37:07 +0000"
    },
    "done": true
  },
  "mowziesmobs:steal_ice_crystal": {
    "criteria": {
      "steal_crystal": "2025-07-25 02:42:42 +0000"
    },
    "done": true
  },
  "mowziesmobs:kill_umvuthi": {
    "criteria": {
      "barako": "2025-07-25 02:44:15 +0000"
    },
    "done": true
  },
  "skilltree:recipes/combat/silent_quiver": {
    "criteria": {
      "has_feather": "2025-07-25 02:47:08 +0000"
    },
    "done": true
  },
  "minecraft:recipes/combat/arrow": {
    "criteria": {
      "has_feather": "2025-07-25 02:47:08 +0000"
    },
    "done": true
  },
  "supplementaries:recipes/feather_block": {
    "criteria": {
      "has_feather": "2025-07-25 02:47:08 +0000"
    },
    "done": true
  },
  "skilltree:recipes/misc/traveler_necklace": {
    "criteria": {
      "has_feather": "2025-07-25 02:47:08 +0000"
    },
    "done": true
  },
  "mowziesmobs:kill_foliaath": {
    "criteria": {
      "foliaath": "2025-07-25 02:49:44 +0000"
    },
    "done": true
  },
  "supplementaries:recipes/flower_box": {
    "criteria": {
      "has_dirt": "2025-07-25 02:50:42 +0000"
    },
    "done": true
  },
  "ironchest:recipes/decorations/chests/vanilla_dirt_chest": {
    "criteria": {
      "has_iron_ingot": "2025-07-25 02:50:42 +0000"
    },
    "done": true
  },
  "paraglider:paraglider": {
    "criteria": {
      "paraglider": "2025-07-25 02:52:18 +0000"
    },
    "done": true
  },
  "paraglider:recipes/misc/cosmetic/deku_leaf": {
    "criteria": {
      "has_paragliders": "2025-07-25 02:52:18 +0000"
    },
    "done": true
  },
  "paraglider:recipes/misc/cosmetic/paraglider": {
    "criteria": {
      "has_paragliders": "2025-07-25 02:52:18 +0000"
    },
    "done": true
  },
  "minecraft:recipes/decorations/chest": {
    "criteria": {
      "has_lots_of_items": "2025-07-25 02:56:16 +0000"
    },
    "done": true
  },
  "biomesoplenty:biomesoplenty/all_biomes": {
    "criteria": {
      "shrubland": "2025-08-17 07:10:49 +0000",
      "rocky_shrubland": "2025-07-25 02:58:15 +0000",
      "highland": "2025-08-17 06:39:54 +0000",
      "jade_cliffs": "2025-08-17 06:23:49 +0000",
      "cold_desert": "2025-08-17 06:50:45 +0000",
      "maple_woods": "2025-08-15 02:50:24 +0000",
      "field": "2025-08-15 01:53:39 +0000",
      "orchard": "2025-08-17 07:11:03 +0000",
      "overgrown_greens": "2025-08-15 04:47:50 +0000",
      "coniferous_forest": "2025-08-17 06:39:22 +0000",
      "lush_desert": "2025-08-17 06:53:49 +0000",
      "rocky_rainforest": "2025-07-25 02:57:42 +0000",
      "pasture": "2025-08-17 06:24:03 +0000",
      "volcanic_plains": "2025-07-25 02:58:02 +0000",
      "grassland": "2025-07-25 02:58:20 +0000",
      "glowing_grotto": "2025-08-15 04:46:38 +0000"
    },
    "done": false
  },
  "biomesoplenty:biomesoplenty/root": {
    "criteria": {
      "rocky_rainforest": "2025-07-25 02:57:42 +0000"
    },
    "done": true
  },
  "minecraft:adventure/totem_of_undying": {
    "criteria": {
      "used_totem": "2025-07-25 02:59:52 +0000"
    },
    "done": true
  },
  "tconstruct:recipes/building_blocks/common/slime/earth/congealed": {
    "criteria": {
      "has_item": "2025-07-25 02:59:58 +0000"
    },
    "done": true
  },
  "tconstruct:recipes/tools/common/slime/lead": {
    "criteria": {
      "has_slime_ball": "2025-07-25 02:59:58 +0000"
    },
    "done": true
  },
  "minecraft:recipes/tools/lead": {
    "criteria": {
      "has_slime_ball": "2025-07-25 02:59:58 +0000"
    },
    "done": true
  },
  "tconstruct:world/slime_collector": {
    "criteria": {
      "earth": "2025-07-25 02:59:58 +0000"
    },
    "done": false
  },
  "minecraft:recipes/redstone/sticky_piston": {
    "criteria": {
      "has_slime_ball": "2025-07-25 02:59:58 +0000"
    },
    "done": true
  },
  "supplementaries:recipes/slingshot": {
    "criteria": {
      "has_slime_ball": "2025-07-25 02:59:58 +0000"
    },
    "done": true
  },
  "minecraft:recipes/redstone/slime_block": {
    "criteria": {
      "has_slime_ball": "2025-07-25 02:59:58 +0000"
    },
    "done": true
  },
  "tconstruct:recipes/redstone/common/slime/sticky_piston": {
    "criteria": {
      "has_slime_ball": "2025-07-25 02:59:58 +0000"
    },
    "done": true
  },
  "minecraft:recipes/combat/bow": {
    "criteria": {
      "has_string": "2025-07-27 02:43:59 +0000"
    },
    "done": true
  },
  "minecraft:recipes/tools/fishing_rod": {
    "criteria": {
      "has_string": "2025-07-27 02:43:59 +0000"
    },
    "done": true
  },
  "minecraft:recipes/redstone/tripwire_hook": {
    "criteria": {
      "has_string": "2025-07-27 02:43:59 +0000"
    },
    "done": true
  },
  "supplementaries:recipes/bomb": {
    "criteria": {
      "has_string": "2025-07-27 02:43:59 +0000"
    },
    "done": true
  },
  "mca:recipes/misc/needle_and_thread": {
    "criteria": {
      "has_item": "2025-07-27 02:43:59 +0000"
    },
    "done": true
  },
  "minecraft:recipes/decorations/candle": {
    "criteria": {
      "has_string": "2025-07-27 02:43:59 +0000"
    },
    "done": true
  },
  "minecraft:recipes/building_blocks/white_wool_from_string": {
    "criteria": {
      "has_string": "2025-07-27 02:43:59 +0000"
    },
    "done": true
  },
  "minecraft:recipes/combat/crossbow": {
    "criteria": {
      "has_string": "2025-07-27 02:43:59 +0000"
    },
    "done": true
  },
  "supplementaries:recipes/sack": {
    "criteria": {
      "has_string": "2025-07-27 02:43:59 +0000"
    },
    "done": true
  },
  "minecraft:recipes/decorations/loom": {
    "criteria": {
      "has_string": "2025-07-27 02:43:59 +0000"
    },
    "done": true
  },
  "minecraft:adventure/fall_from_world_height": {
    "criteria": {
      "fall_from_world_height": "2025-07-27 02:45:15 +0000"
    },
    "done": true
  },
  "farmersdelight:recipes/cooking/dog_food": {
    "criteria": {
      "has_any_ingredient": "2025-07-27 02:52:15 +0000"
    },
    "done": true
  },
  "farmersdelight:recipes/building_blocks/organic_compost_from_rotten_flesh": {
    "criteria": {
      "has_rotten_flesh": "2025-07-27 02:52:15 +0000"
    },
    "done": true
  },
  "mowziesmobs:kill_ferrous_wroughtnaut": {
    "criteria": {
      "ferrous_wroughtnaut": "2025-07-27 02:57:00 +0000"
    },
    "done": true
  },
  "irons_spellbooks:grant_patchouli": {
    "criteria": {
      "tick": "2025-08-14 02:24:51 +0000"
    },
    "done": true
  },
  "minecraft:end/kill_dragon": {
    "criteria": {
      "killed_dragon": "2025-08-14 02:30:23 +0000"
    },
    "done": true
  },
  "farmersdelight:main/obtain_netherite_knife": {
    "criteria": {
      "obtain_netherite_knife": "2025-08-14 02:47:42 +0000"
    },
    "done": true
  },
  "farmersdelight:main/craft_knife": {
    "criteria": {
      "netherite_knife": "2025-08-14 02:47:42 +0000"
    },
    "done": true
  },
  "minecraft:recipes/combat/leather_helmet": {
    "criteria": {
      "has_leather": "2025-08-14 02:47:44 +0000"
    },
    "done": true
  },
  "skilltree:recipes/combat/quiver": {
    "criteria": {
      "has_leather": "2025-08-14 02:47:44 +0000"
    },
    "done": true
  },
  "minecraft:recipes/combat/leather_chestplate": {
    "criteria": {
      "has_leather": "2025-08-14 02:47:44 +0000"
    },
    "done": true
  },
  "tconstruct:recipes/combat/tools/armor/travelers_boots": {
    "criteria": {
      "has_item": "2025-08-14 02:47:44 +0000"
    },
    "done": true
  },
  "minecraft:recipes/misc/leather_horse_armor": {
    "criteria": {
      "has_leather": "2025-08-14 02:47:44 +0000"
    },
    "done": true
  },
  "tconstruct:recipes/combat/tools/armor/travelers_chestplate": {
    "criteria": {
      "has_item": "2025-08-14 02:47:44 +0000"
    },
    "done": true
  },
  "sophisticatedbackpacks:recipes/misc/backpack": {
    "criteria": {
      "has_leather": "2025-08-14 02:47:44 +0000"
    },
    "done": true
  },
  "minecraft:recipes/decorations/item_frame": {
    "criteria": {
      "has_leather": "2025-08-14 02:47:44 +0000"
    },
    "done": true
  },
  "tconstruct:recipes/combat/tools/armor/travelers_pants": {
    "criteria": {
      "has_item": "2025-08-14 02:47:44 +0000"
    },
    "done": true
  },
  "minecraft:recipes/combat/leather_boots": {
    "criteria": {
      "has_leather": "2025-08-14 02:47:44 +0000"
    },
    "done": true
  },
  "tconstruct:recipes/combat/tools/armor/travelers_goggles": {
    "criteria": {
      "has_item": "2025-08-14 02:47:44 +0000"
    },
    "done": true
  },
  "minecraft:recipes/combat/leather_leggings": {
    "criteria": {
      "has_leather": "2025-08-14 02:47:44 +0000"
    },
    "done": true
  },
  "tconstruct:recipes/combat/tools/armor/travelers_shield": {
    "criteria": {
      "has_item": "2025-08-14 02:47:44 +0000"
    },
    "done": true
  },
  "supplementaries:recipes/bellows": {
    "criteria": {
      "has_leather": "2025-08-14 02:47:44 +0000"
    },
    "done": true
  },
  "sophisticatedbackpacks:recipes/misc/upgrade_base": {
    "criteria": {
      "has_leather": "2025-08-14 02:47:44 +0000"
    },
    "done": true
  },
  "minecraft:recipes/food/cooked_beef_from_smoking": {
    "criteria": {
      "has_beef": "2025-08-14 02:48:03 +0000"
    },
    "done": true
  },
  "farmersdelight:recipes/cooking/pasta_with_meatballs": {
    "criteria": {
      "has_any_ingredient": "2025-08-14 02:48:03 +0000"
    },
    "done": true
  },
  "minecraft:recipes/food/cooked_beef": {
    "criteria": {
      "has_beef": "2025-08-14 02:48:03 +0000"
    },
    "done": true
  },
  "farmersdelight:recipes/cooking/beef_stew": {
    "criteria": {
      "has_any_ingredient": "2025-08-14 02:48:03 +0000"
    },
    "done": true
  },
  "minecraft:recipes/food/cooked_beef_from_campfire_cooking": {
    "criteria": {
      "has_beef": "2025-08-14 02:48:03 +0000"
    },
    "done": true
  },
  "mca:root": {
    "criteria": {
      "village_plains": "2025-08-14 02:51:53 +0000"
    },
    "done": true
  },
  "minecraft:recipes/food/cooked_porkchop": {
    "criteria": {
      "has_porkchop": "2025-08-14 03:48:58 +0000"
    },
    "done": true
  },
  "minecraft:recipes/food/cooked_porkchop_from_smoking": {
    "criteria": {
      "has_porkchop": "2025-08-14 03:48:58 +0000"
    },
    "done": true
  },
  "farmersdelight:recipes/cooking/noodle_soup": {
    "criteria": {
      "has_any_ingredient": "2025-08-14 03:48:58 +0000"
    },
    "done": true
  },
  "minecraft:recipes/food/cooked_porkchop_from_campfire_cooking": {
    "criteria": {
      "has_porkchop": "2025-08-14 03:48:58 +0000"
    },
    "done": true
  },
  "farmersdelight:recipes/cooking/pumpkin_soup": {
    "criteria": {
      "has_any_ingredient": "2025-08-14 03:48:58 +0000"
    },
    "done": true
  },
  "minecraft:recipes/misc/mojang_banner_pattern": {
    "criteria": {
      "has_enchanted_golden_apple": "2025-08-15 02:01:39 +0000"
    },
    "done": true
  },
  "minecraft:husbandry/root": {
    "criteria": {
      "consumed_item": "2025-08-15 02:01:44 +0000"
    },
    "done": true
  },
  "minecraft:husbandry/balanced_diet": {
    "criteria": {
      "enchanted_golden_apple": "2025-08-15 02:01:44 +0000"
    },
    "done": false
  },
  "minecraft:recipes/misc/magenta_dye_from_blue_red_pink": {
    "criteria": {
      "has_pink_dye": "2025-08-15 02:30:49 +0000"
    },
    "done": true
  },
  "minecraft:recipes/decorations/pink_candle": {
    "criteria": {
      "has_pink_dye": "2025-08-15 02:30:49 +0000"
    },
    "done": true
  },
  "minecraft:recipes/building_blocks/dye_pink_bed": {
    "criteria": {
      "has_needed_dye": "2025-08-15 02:30:49 +0000"
    },
    "done": true
  },
  "minecraft:recipes/misc/magenta_dye_from_purple_and_pink": {
    "criteria": {
      "has_pink_dye": "2025-08-15 02:30:49 +0000"
    },
    "done": true
  },
  "minecraft:recipes/building_blocks/dye_pink_wool": {
    "criteria": {
      "has_needed_dye": "2025-08-15 02:30:49 +0000"
    },
    "done": true
  },
  "supplementaries:recipes/candle_holders/candle_holder_pink_dye": {
    "criteria": {
      "forge:dyes/pink": "2025-08-15 02:30:49 +0000"
    },
    "done": true
  },
  "minecraft:recipes/building_blocks/dye_pink_carpet": {
    "criteria": {
      "has_needed_dye": "2025-08-15 02:30:49 +0000"
    },
    "done": true
  },
  "minecraft:recipes/decorations/pink_stained_glass_pane_from_glass_pane": {
    "criteria": {
      "has_pink_dye": "2025-08-15 02:30:49 +0000"
    },
    "done": true
  },
  "minecraft:recipes/food/cooked_mutton_from_smoking": {
    "criteria": {
      "has_mutton": "2025-08-15 02:34:15 +0000"
    },
    "done": true
  },
  "supplementaries:recipes/flags/flag_pink": {
    "criteria": {
      "has_pink_wool": "2025-08-15 02:34:15 +0000"
    },
    "done": true
  },
  "minecraft:recipes/decorations/pink_bed": {
    "criteria": {
      "has_pink_wool": "2025-08-15 02:34:15 +0000"
    },
    "done": true
  },
  "minecraft:recipes/decorations/white_bed": {
    "criteria": {
      "has_white_wool": "2025-08-15 02:34:15 +0000"
    },
    "done": true
  },
  "minecraft:recipes/decorations/pink_banner": {
    "criteria": {
      "has_pink_wool": "2025-08-15 02:34:15 +0000"
    },
    "done": true
  },
  "supplementaries:recipes/flags/flag_white": {
    "criteria": {
      "has_white_wool": "2025-08-15 02:34:15 +0000"
    },
    "done": true
  },
  "minecraft:recipes/decorations/painting": {
    "criteria": {
      "has_wool": "2025-08-15 02:34:15 +0000"
    },
    "done": true
  },
  "minecraft:recipes/decorations/white_carpet": {
    "criteria": {
      "has_white_wool": "2025-08-15 02:34:15 +0000"
    },
    "done": true
  },
  "minecraft:recipes/food/cooked_mutton": {
    "criteria": {
      "has_mutton": "2025-08-15 02:34:15 +0000"
    },
    "done": true
  },
  "minecraft:recipes/decorations/white_banner": {
    "criteria": {
      "has_white_wool": "2025-08-15 02:34:15 +0000"
    },
    "done": true
  },
  "minecraft:recipes/food/cooked_mutton_from_campfire_cooking": {
    "criteria": {
      "has_mutton": "2025-08-15 02:34:15 +0000"
    },
    "done": true
  },
  "farmersdelight:recipes/cooking/pasta_with_mutton_chop": {
    "criteria": {
      "has_any_ingredient": "2025-08-15 02:34:15 +0000"
    },
    "done": true
  },
  "minecraft:recipes/decorations/pink_carpet": {
    "criteria": {
      "has_pink_wool": "2025-08-15 02:34:15 +0000"
    },
    "done": true
  },
  "minecraft:adventure/shoot_arrow": {
    "criteria": {
      "shot_arrow": "2025-08-15 03:44:41 +0000"
    },
    "done": true
  },
  "mowziesmobs:suns_blessing": {
    "criteria": {
      "get_suns_blessing": "2025-08-15 03:48:36 +0000"
    },
    "done": true
  },
  "biomesoplenty:recipes/transportation/willow_boat": {
    "criteria": {
      "in_water": "2025-08-15 04:47:03 +0000"
    },
    "done": true
  },
  "minecraft:recipes/transportation/cherry_boat": {
    "criteria": {
      "in_water": "2025-08-15 04:47:03 +0000"
    },
    "done": true
  },
  "biomesoplenty:recipes/transportation/umbran_boat": {
    "criteria": {
      "in_water": "2025-08-15 04:47:03 +0000"
    },
    "done": true
  },
  "minecraft:recipes/transportation/bamboo_raft": {
    "criteria": {
      "in_water": "2025-08-15 04:47:03 +0000"
    },
    "done": true
  },
  "biomesoplenty:recipes/transportation/dead_boat": {
    "criteria": {
      "in_water": "2025-08-15 04:47:03 +0000"
    },
    "done": true
  },
  "biomesoplenty:recipes/transportation/magic_boat": {
    "criteria": {
      "in_water": "2025-08-15 04:47:03 +0000"
    },
    "done": true
  },
  "biomesoplenty:recipes/transportation/pine_boat": {
    "criteria": {
      "in_water": "2025-08-15 04:47:03 +0000"
    },
    "done": true
  },
  "minecraft:recipes/transportation/acacia_boat": {
    "criteria": {
      "in_water": "2025-08-15 04:47:03 +0000"
    },
    "done": true
  },
  "minecraft:recipes/transportation/jungle_boat": {
    "criteria": {
      "in_water": "2025-08-15 04:47:03 +0000"
    },
    "done": true
  },
  "twilightforest:recipes/transportation/twilight_oak_boat": {
    "criteria": {
      "in_water": "2025-08-15 04:47:03 +0000"
    },
    "done": true
  },
  "twilightforest:recipes/transportation/time_boat": {
    "criteria": {
      "in_water": "2025-08-15 04:47:03 +0000"
    },
    "done": true
  },
  "twilightforest:recipes/transportation/mining_boat": {
    "criteria": {
      "in_water": "2025-08-15 04:47:03 +0000"
    },
    "done": true
  },
  "twilightforest:recipes/transportation/mangrove_boat": {
    "criteria": {
      "in_water": "2025-08-15 04:47:03 +0000"
    },
    "done": true
  },
  "biomesoplenty:recipes/transportation/fir_boat": {
    "criteria": {
      "in_water": "2025-08-15 04:47:03 +0000"
    },
    "done": true
  },
  "twilightforest:recipes/transportation/transformation_boat": {
    "criteria": {
      "in_water": "2025-08-15 04:47:03 +0000"
    },
    "done": true
  },
  "biomesoplenty:recipes/transportation/maple_boat": {
    "criteria": {
      "in_water": "2025-08-15 04:47:03 +0000"
    },
    "done": true
  },
  "minecraft:recipes/transportation/spruce_boat": {
    "criteria": {
      "in_water": "2025-08-15 04:47:03 +0000"
    },
    "done": true
  },
  "minecraft:recipes/transportation/birch_boat": {
    "criteria": {
      "in_water": "2025-08-15 04:47:03 +0000"
    },
    "done": true
  },
  "minecraft:recipes/transportation/oak_boat": {
    "criteria": {
      "in_water": "2025-08-15 04:47:03 +0000"
    },
    "done": true
  },
  "biomesoplenty:recipes/transportation/redwood_boat": {
    "criteria": {
      "in_water": "2025-08-15 04:47:03 +0000"
    },
    "done": true
  },
  "minecraft:recipes/transportation/mangrove_boat": {
    "criteria": {
      "in_water": "2025-08-15 04:47:03 +0000"
    },
    "done": true
  },
  "biomesoplenty:recipes/transportation/hellbark_boat": {
    "criteria": {
      "in_water": "2025-08-15 04:47:03 +0000"
    },
    "done": true
  },
  "biomesoplenty:recipes/transportation/jacaranda_boat": {
    "criteria": {
      "in_water": "2025-08-15 04:47:03 +0000"
    },
    "done": true
  },
  "twilightforest:recipes/transportation/canopy_boat": {
    "criteria": {
      "in_water": "2025-08-15 04:47:03 +0000"
    },
    "done": true
  },
  "biomesoplenty:recipes/transportation/mahogany_boat": {
    "criteria": {
      "in_water": "2025-08-15 04:47:03 +0000"
    },
    "done": true
  },
  "twilightforest:recipes/transportation/dark_boat": {
    "criteria": {
      "in_water": "2025-08-15 04:47:03 +0000"
    },
    "done": true
  },
  "biomesoplenty:recipes/transportation/palm_boat": {
    "criteria": {
      "in_water": "2025-08-15 04:47:03 +0000"
    },
    "done": true
  },
  "biomesoplenty:recipes/transportation/empyreal_boat": {
    "criteria": {
      "in_water": "2025-08-15 04:47:03 +0000"
    },
    "done": true
  },
  "twilightforest:recipes/transportation/sorting_boat": {
    "criteria": {
      "in_water": "2025-08-15 04:47:03 +0000"
    },
    "done": true
  },
  "minecraft:recipes/transportation/dark_oak_boat": {
    "criteria": {
      "in_water": "2025-08-15 04:47:03 +0000"
    },
    "done": true
  },
  "minecraft:recipes/misc/charcoal": {
    "criteria": {
      "has_log": "2025-08-17 00:27:54 +0000"
    },
    "done": true
  },
  "minecraft:recipes/building_blocks/jungle_planks": {
    "criteria": {
      "has_logs": "2025-08-17 00:27:54 +0000"
    },
    "done": true
  },
  "minecraft:recipes/building_blocks/jungle_wood": {
    "criteria": {
      "has_log": "2025-08-17 00:33:41 +0000"
    },
    "done": true
  },
  "supplementaries:recipes/ash_brick": {
    "criteria": {
      "forge:ash": "2025-08-17 00:34:11 +0000"
    },
    "done": true
  },
  "skilltree:recipes/misc/assassin_necklace": {
    "criteria": {
      "has_bone": "2025-08-17 00:34:11 +0000"
    },
    "done": true
  },
  "skilltree:recipes/combat/bone_quiver": {
    "criteria": {
      "has_bone": "2025-08-17 00:34:11 +0000"
    },
    "done": true
  },
  "minecraft:recipes/misc/bone_meal": {
    "criteria": {
      "has_bone": "2025-08-17 00:34:11 +0000"
    },
    "done": true
  },
  "farmersdelight:recipes/cooking/bone_broth": {
    "criteria": {
      "has_bone": "2025-08-17 00:34:11 +0000"
    },
    "done": true
  },
  "tombstone:adventure/root": {
    "criteria": {
      "auto": "2025-08-17 01:04:51 +0000"
    },
    "done": true
  },
  "tombstone:adventure/chain_death": {
    "criteria": {
      "coded_trigger": "2025-08-17 01:07:17 +0000"
    },
    "done": true
  },
  "tombstone:adventure/cancel_ghostly_shape": {
    "criteria": {
      "coded_trigger": "2025-08-17 01:07:31 +0000"
    },
    "done": true
  },
  "tombstone:adventure/first_knowledge": {
    "criteria": {
      "coded_trigger": "2025-08-17 01:07:31 +0000"
    },
    "done": true
  },
  "tombstone:recipes/from_grave_dust": {
    "criteria": {
      "has_ingredient": "2025-08-17 01:07:37 +0000"
    },
    "done": true
  },
  "tombstone:adventure/create_decorative_grave": {
    "criteria": {
      "has_decorative_grave": "2025-08-17 01:08:22 +0000"
    },
    "done": true
  },
  "tombstone:recipes/from_decorative_grave": {
    "criteria": {
      "has_ingredient": "2025-08-17 01:08:22 +0000"
    },
    "done": true
  },
  "tombstone:adventure/first_grave": {
    "criteria": {
      "coded_trigger": "2025-08-17 01:28:27 +0000"
    },
    "done": true
  },
  "tombstone:recipes/from_grave_key": {
    "criteria": {
      "has_ingredient": "2025-08-17 01:28:28 +0000"
    },
    "done": true
  },
  "tombstone:adventure/strong_or_careful": {
    "criteria": {
      "coded_trigger": "2025-08-17 04:40:41 +0000"
    },
    "done": true
  },
  "minecraft:recipes/decorations/oak_sign": {
    "criteria": {
      "has_planks": "2025-08-17 04:53:26 +0000"
    },
    "done": true
  },
  "supplementaries:recipes/lock_block": {
    "criteria": {
      "minecraft:planks": "2025-08-17 04:53:26 +0000"
    },
    "done": true
  },
  "minecraft:recipes/misc/stick": {
    "criteria": {
      "has_planks": "2025-08-17 04:53:26 +0000"
    },
    "done": true
  },
  "minecraft:recipes/building_blocks/oak_slab": {
    "criteria": {
      "has_planks": "2025-08-17 04:53:26 +0000"
    },
    "done": true
  },
  "mca:recipes/decorations/cyan_oak_crib": {
    "criteria": {
      "has_oak_planks": "2025-08-17 04:53:26 +0000"
    },
    "done": true
  },
  "minecraft:recipes/redstone/oak_fence_gate": {
    "criteria": {
      "has_planks": "2025-08-17 04:53:26 +0000"
    },
    "done": true
  },
  "mca:recipes/decorations/white_oak_crib": {
    "criteria": {
      "has_oak_planks": "2025-08-17 04:53:26 +0000"
    },
    "done": true
  },
  "minecraft:recipes/redstone/oak_door": {
    "criteria": {
      "has_planks": "2025-08-17 04:53:26 +0000"
    },
    "done": true
  },
  "supplementaries:recipes/turn_table": {
    "criteria": {
      "minecraft:planks": "2025-08-17 04:53:26 +0000"
    },
    "done": true
  },
  "supplementaries:recipes/clock_block": {
    "criteria": {
      "minecraft:planks": "2025-08-17 04:53:26 +0000"
    },
    "done": true
  },
  "minecraft:recipes/decorations/barrel": {
    "criteria": {
      "has_planks": "2025-08-17 04:53:26 +0000"
    },
    "done": true
  },
  "mca:recipes/decorations/green_oak_crib": {
    "criteria": {
      "has_oak_planks": "2025-08-17 04:53:26 +0000"
    },
    "done": true
  },
  "mca:recipes/decorations/light_gray_oak_crib": {
    "criteria": {
      "has_oak_planks": "2025-08-17 04:53:26 +0000"
    },
    "done": true
  },
  "minecraft:recipes/redstone/oak_trapdoor": {
    "criteria": {
      "has_planks": "2025-08-17 04:53:26 +0000"
    },
    "done": true
  },
  "mca:recipes/decorations/blue_oak_crib": {
    "criteria": {
      "has_oak_planks": "2025-08-17 04:53:26 +0000"
    },
    "done": true
  },
  "mca:recipes/decorations/purple_oak_crib": {
    "criteria": {
      "has_oak_planks": "2025-08-17 04:53:26 +0000"
    },
    "done": true
  },
  "supplementaries:recipes/bed_from_feather_block": {
    "criteria": {
      "minecraft:planks": "2025-08-17 04:53:26 +0000"
    },
    "done": true
  },
  "mca:recipes/decorations/red_oak_crib": {
    "criteria": {
      "has_oak_planks": "2025-08-17 04:53:26 +0000"
    },
    "done": true
  },
  "minecraft:recipes/building_blocks/oak_stairs": {
    "criteria": {
      "has_planks": "2025-08-17 04:53:26 +0000"
    },
    "done": true
  },
  "minecraft:recipes/decorations/oak_fence": {
    "criteria": {
      "has_planks": "2025-08-17 04:53:26 +0000"
    },
    "done": true
  },
  "mca:recipes/decorations/magenta_oak_crib": {
    "criteria": {
      "has_oak_planks": "2025-08-17 04:53:26 +0000"
    },
    "done": true
  },
  "supplementaries:recipes/speaker_block": {
    "criteria": {
      "minecraft:planks": "2025-08-17 04:53:26 +0000"
    },
    "done": true
  },
  "minecraft:recipes/redstone/oak_button": {
    "criteria": {
      "has_planks": "2025-08-17 04:53:26 +0000"
    },
    "done": true
  },
  "supplementaries:recipes/notice_board": {
    "criteria": {
      "minecraft:planks": "2025-08-17 04:53:26 +0000"
    },
    "done": true
  },
  "mca:recipes/decorations/lime_oak_crib": {
    "criteria": {
      "has_oak_planks": "2025-08-17 04:53:26 +0000"
    },
    "done": true
  },
  "minecraft:recipes/redstone/oak_pressure_plate": {
    "criteria": {
      "has_planks": "2025-08-17 04:53:26 +0000"
    },
    "done": true
  },
  "cuisinedelight:recipes/misc/plate_from_planks_stonecutting": {
    "criteria": {
      "has_planks": "2025-08-17 04:53:26 +0000"
    },
    "done": true
  },
  "mca:recipes/decorations/black_oak_crib": {
    "criteria": {
      "has_oak_planks": "2025-08-17 04:53:26 +0000"
    },
    "done": true
  },
  "mca:recipes/decorations/pink_oak_crib": {
    "criteria": {
      "has_oak_planks": "2025-08-17 04:53:26 +0000"
    },
    "done": true
  },
  "mca:recipes/decorations/orange_oak_crib": {
    "criteria": {
      "has_oak_planks": "2025-08-17 04:53:26 +0000"
    },
    "done": true
  },
  "mca:recipes/decorations/brown_oak_crib": {
    "criteria": {
      "has_oak_planks": "2025-08-17 04:53:26 +0000"
    },
    "done": true
  },
  "mca:recipes/decorations/yellow_oak_crib": {
    "criteria": {
      "has_oak_planks": "2025-08-17 04:53:26 +0000"
    },
    "done": true
  },
  "supplementaries:recipes/pulley": {
    "criteria": {
      "minecraft:planks": "2025-08-17 04:53:26 +0000"
    },
    "done": true
  },
  "mca:recipes/decorations/light_blue_oak_crib": {
    "criteria": {
      "has_oak_planks": "2025-08-17 04:53:26 +0000"
    },
    "done": true
  },
  "mca:recipes/decorations/gray_oak_crib": {
    "criteria": {
      "has_oak_planks": "2025-08-17 04:53:26 +0000"
    },
    "done": true
  },
  "sawmill:recipes/sawmill": {
    "criteria": {
      "has_fences": "2025-08-17 04:53:30 +0000"
    },
    "done": true
  },
  "minecraft:recipes/decorations/ladder": {
    "criteria": {
      "has_stick": "2025-08-17 04:53:39 +0000"
    },
    "done": true
  },
  "tconstruct:recipes/misc/tables/pattern": {
    "criteria": {
      "has_item": "2025-08-17 04:53:39 +0000"
    },
    "done": true
  },
  "supplementaries:recipes/crank": {
    "criteria": {
      "forge:rods/wooden": "2025-08-17 04:53:39 +0000"
    },
    "done": true
  },
  "supplementaries:recipes/flags/flag_orange": {
    "criteria": {
      "has_stick": "2025-08-17 04:53:39 +0000"
    },
    "done": true
  },
  "supplementaries:recipes/flags/flag_magenta": {
    "criteria": {
      "has_stick": "2025-08-17 04:53:39 +0000"
    },
    "done": true
  },
  "minecraft:recipes/tools/wooden_axe": {
    "criteria": {
      "has_stick": "2025-08-17 04:53:39 +0000"
    },
    "done": true
  },
  "supplementaries:recipes/daub_cross_brace": {
    "criteria": {
      "forge:rods/wooden": "2025-08-17 04:53:39 +0000"
    },
    "done": true
  },
  "minecraft:recipes/decorations/campfire": {
    "criteria": {
      "has_stick": "2025-08-17 04:53:39 +0000"
    },
    "done": true
  },
  "supplementaries:recipes/timber_frame": {
    "criteria": {
      "forge:rods/wooden": "2025-08-17 04:53:39 +0000"
    },
    "done": true
  },
  "minecraft:recipes/tools/wooden_hoe": {
    "criteria": {
      "has_stick": "2025-08-17 04:53:39 +0000"
    },
    "done": true
  },
  "supplementaries:recipes/timber_brace": {
    "criteria": {
      "forge:rods/wooden": "2025-08-17 04:53:39 +0000"
    },
    "done": true
  },
  "minecraft:recipes/tools/wooden_shovel": {
    "criteria": {
      "has_stick": "2025-08-17 04:53:39 +0000"
    },
    "done": true
  },
  "paraglider:recipes/misc/paraglider": {
    "criteria": {
      "has_stick": "2025-08-17 04:53:39 +0000"
    },
    "done": true
  },
  "supplementaries:recipes/flags/flag_black": {
    "criteria": {
      "has_stick": "2025-08-17 04:53:39 +0000"
    },
    "done": true
  },
  "minecraft:recipes/combat/wooden_sword": {
    "criteria": {
      "has_stick": "2025-08-17 04:53:39 +0000"
    },
    "done": true
  },
  "supplementaries:recipes/flags/flag_green": {
    "criteria": {
      "has_stick": "2025-08-17 04:53:39 +0000"
    },
    "done": true
  },
  "supplementaries:recipes/flags/flag_purple": {
    "criteria": {
      "has_stick": "2025-08-17 04:53:39 +0000"
    },
    "done": true
  },
  "supplementaries:recipes/timber_cross_brace": {
    "criteria": {
      "forge:rods/wooden": "2025-08-17 04:53:39 +0000"
    },
    "done": true
  },
  "supplementaries:recipes/flags/flag_brown": {
    "criteria": {
      "has_stick": "2025-08-17 04:53:39 +0000"
    },
    "done": true
  },
  "supplementaries:recipes/flags/flag_gray": {
    "criteria": {
      "has_stick": "2025-08-17 04:53:39 +0000"
    },
    "done": true
  },
  "farmersdelight:recipes/combat/flint_knife": {
    "criteria": {
      "has_stick": "2025-08-17 04:53:39 +0000"
    },
    "done": true
  },
  "supplementaries:recipes/faucet": {
    "criteria": {
      "forge:rods/wooden": "2025-08-17 04:53:39 +0000"
    },
    "done": true
  },
  "supplementaries:recipes/flags/flag_light_blue": {
    "criteria": {
      "has_stick": "2025-08-17 04:53:39 +0000"
    },
    "done": true
  },
  "supplementaries:recipes/daub_brace": {
    "criteria": {
      "forge:rods/wooden": "2025-08-17 04:53:39 +0000"
    },
    "done": true
  },
  "supplementaries:recipes/flags/flag_blue": {
    "criteria": {
      "has_stick": "2025-08-17 04:53:39 +0000"
    },
    "done": true
  },
  "supplementaries:recipes/daub_frame": {
    "criteria": {
      "forge:rods/wooden": "2025-08-17 04:53:39 +0000"
    },
    "done": true
  },
  "minecraft:recipes/tools/wooden_pickaxe": {
    "criteria": {
      "has_stick": "2025-08-17 04:53:39 +0000"
    },
    "done": true
  },
  "supplementaries:recipes/flags/flag_cyan": {
    "criteria": {
      "has_stick": "2025-08-17 04:53:39 +0000"
    },
    "done": true
  },
  "supplementaries:recipes/flags/flag_yellow": {
    "criteria": {
      "has_stick": "2025-08-17 04:53:39 +0000"
    },
    "done": true
  },
  "supplementaries:recipes/flags/flag_light_gray": {
    "criteria": {
      "has_stick": "2025-08-17 04:53:39 +0000"
    },
    "done": true
  },
  "supplementaries:recipes/flags/flag_red": {
    "criteria": {
      "has_stick": "2025-08-17 04:53:39 +0000"
    },
    "done": true
  },
  "farmersdelight:recipes/decorations/cutting_board": {
    "criteria": {
      "has_stick": "2025-08-17 04:53:39 +0000"
    },
    "done": true
  },
  "supplementaries:recipes/flags/flag_lime": {
    "criteria": {
      "has_stick": "2025-08-17 04:53:39 +0000"
    },
    "done": true
  },
  "paraglider:root": {
    "criteria": {
      "crafting_table": "2025-08-17 05:10:58 +0000"
    },
    "done": true
  },
  "minecraft:story/root": {
    "criteria": {
      "crafting_table": "2025-08-17 05:10:58 +0000"
    },
    "done": true
  },
  "supplementaries:recipes/cage": {
    "criteria": {
      "minecraft:wooden_slabs": "2025-08-17 05:11:19 +0000"
    },
    "done": true
  },
  "supplementaries:recipes/item_shelf": {
    "criteria": {
      "minecraft:wooden_slabs": "2025-08-17 05:11:19 +0000"
    },
    "done": true
  },
  "twilightforest:recipes/decorations/wood/oak_banister": {
    "criteria": {
      "has_item": "2025-08-17 05:11:19 +0000"
    },
    "done": true
  },
  "minecraft:recipes/decorations/composter": {
    "criteria": {
      "has_wood_slab": "2025-08-17 05:11:19 +0000"
    },
    "done": true
  },
  "supplementaries:recipes/bamboo_spikes": {
    "criteria": {
      "minecraft:wooden_slabs": "2025-08-17 05:11:19 +0000"
    },
    "done": true
  },
  "supplementaries:recipes/blackboard": {
    "criteria": {
      "minecraft:wooden_slabs": "2025-08-17 05:11:19 +0000"
    },
    "done": true
  },
  "supplementaries:recipes/jar": {
    "criteria": {
      "minecraft:wooden_slabs": "2025-08-17 05:11:19 +0000"
    },
    "done": true
  },
  "farmersdelight:main/place_campfire": {
    "criteria": {
      "campfire": "2025-08-17 21:00:28 +0000"
    },
    "done": true
  },
  "twilightforest:recipes/decorations/wood/spruce_banister": {
    "criteria": {
      "has_item": "2025-08-17 20:46:19 +0000"
    },
    "done": true
  },
  "mca:recipes/misc/comb": {
    "criteria": {
      "has_item": "2025-08-17 21:00:34 +0000"
    },
    "done": true
  },
  "supplementaries:recipes/sign_post_oak": {
    "criteria": {
      "has_oak_sign": "2025-08-17 20:46:05 +0000"
    },
    "done": true
  },
  "minecraft:recipes/building_blocks/oak_planks": {
    "criteria": {
      "has_logs": "2025-08-17 20:45:31 +0000"
    },
    "done": true
  },
  "minecraft:recipes/building_blocks/oak_wood": {
    "criteria": {
      "has_log": "2025-08-17 20:45:31 +0000"
    },
    "done": true
  },
  "twilightforest:recipes/decorations/iron_ladder": {
    "criteria": {
      "has_iron_bars": "2025-08-17 21:00:34 +0000"
    },
    "done": true
  },
  "supplementaries:recipes/sconce": {
    "criteria": {
      "has_torch": "2025-08-17 20:58:56 +0000"
    },
    "done": true
  },
  "farmersdelight:recipes/decorations/stove": {
    "criteria": {
      "has_campfire": "2025-08-17 21:00:26 +0000"
    },
    "done": true
  },
  "DataVersion": 3465
}